n,Global_Region,Country,Was_Initially_Zero?,Transmission_Setting_Current,Transmission_Setting_History,PCR_N_Tested,PCR_N_Positive,PCR_Prev,Microscopy_N_Tested,Microscopy_N_Positive,Micro_Prev,Old_or_New,Rainy_Or_Dry,Notes on rainy/dry,Age_Group,Age_Group_2,Age_Group_Raw,Age Group Notes,"(for old papers, admin unit 1)"
Proietti,East Africa,Uganda,N,1,1,57,38,0.666666667,57,31,0.54385965,New,rainy,,0-15,0-5,0-5,,
,East Africa,Uganda,N,1,1,62,43,0.693548387,62,37,0.59677419,New,rainy,,0-15,May-15,05-Oct,,
,East Africa,Uganda,N,1,1,122,52,0.426229508,124,25,0.2016129,New,rainy,,15+,May-15,15+,,
Souza,South America,Brazil,Y,,,74,1,0.013513514,74,0.001351351,0.00001826,New,,,,,,,
,South America,Brazil,Y,,,134,0.000746269,5.57E-06,134,0.000746269,0.00000557,New,,,,,,,
,South America,Brazil,Y,,,62,0.001612903,2.60E-05,62,0.001612903,0.00002601,New,,,,,,,
Atkinson,Oceania,Solomon Islands,N,,,1843,1,0.000542594,8554,1,0.0001169,New,,,,,,,
Pegha Moukandja,West Africa,Gabon,N,1,1,277,161,0.581227437,370,93,0.25135135,New,,"variable, see if can disaggregate",Both,,Children&Adults,,
,West Africa,Gabon,N,1,1,195,109,0.558974359,267,72,0.26966292,New,,,Both,,Children&Adults,,
,West Africa,Gabon,N,1,1,161,115,0.714285714,218,57,0.26146789,New,,,Both,,Children&Adults,,
,West Africa,Gabon,N,1,1,219,87,0.397260274,255,36,0.14117647,New,,,Both,,Children&Adults,,
,West Africa,Gabon,N,1,1,173,134,0.774566474,232,59,0.25431034,New,,,Both,,Children&Adults,,
,West Africa,Gabon,N,1,1,114,67,0.587719298,145,31,0.2137931,New,,,Both,,Children&Adults,,
Atelu,West Africa,Ghana,N,1,1,29,4,0.137931034,29,3,0.10344828,New,,,0-15,0-5,0-5,,
,West Africa,Ghana,N,1,1,38,8,0.210526316,38,2,0.05263158,New,,,0-15,May-15,May-14,,
,West Africa,Ghana,N,1,1,37,8,0.216216216,37,1,0.02702703,New,,,15+,,15-24,,
,West Africa,Ghana,N,1,1,34,3,0.088235294,34,1,0.02941176,New,,,15+,,25-34,,
,West Africa,Ghana,N,1,1,31,4,0.129032258,31,2,0.06451613,New,,,15+,,35-44,,
,West Africa,Ghana,N,1,1,40,2,0.05,40,1,0.025,New,,,15+,,44+,,
Rovira-Vallbona,South America,Peru,N,,,7265,235,0.032346869,7265,5,0.00068823,New,,,Both,,Children&Adults,,
Kangoye,East Africa,Kenya,N,0,1,779,48,0.061617458,779,16,0.02053915,New,,,Both,,Children&Adults,,
,East Africa,Kenya,N,0,1,797,26,0.032622334,797,2,0.00250941,New,,,Both,,Children&Adults,,
Parr,East Africa,Malawi,N,1,1,792,79,0.099747475,792,45,0.05681818,New,,,Both,,Children&Adults,,
Zhao,Asia,Myanmar,Y,,,1005,1,0.000995025,1005,9.95E-05,0.0000001,New,,,Both,,Children&Adults,,
,Asia,Myanmar,Y,,,1005,11,0.010945274,1005,9.95E-05,0.0000001,New,,,Both,,Children&Adults,,
Tadesse,East Africa,Ethiopia,N,0,0,551,43,0.078039927,551,3,0.00544465,New,,,0-15,,0-15,Children recruited from school (IQR 11-14),
,East Africa,Ethiopia,N,0,0,294,38,0.129251701,335,3,0.00895522,New,,,0-15,,0-15,Children recruited from school (IQR 11-14),
Chourasia,Asia,India,N,,,437,80,0.183066362,437,47,0.10755149,New,dry,"(""low"" season)",Both,,Children&Adults,,
Manjurano ,East Africa,Tanzania,N,,,1116,384,0.344086022,1116,134,0.12007168,New,rainy,,Both,,Children&Adults,,
,East Africa,Tanzania,N,0,0,85,3,0.035294118,250,4,0.016,New,rainy,,Both,,Children&Adults,,
,East Africa,Tanzania,N,0,0,87,8,0.091954023,251,4,0.01593625,New,rainy,,Both,,Children&Adults,,
,East Africa,Tanzania,N,0,0,88,34,0.386363636,250,4,0.016,New,rainy,,Both,,Children&Adults,,
,East Africa,Tanzania,N,0,0,89,13,0.146067416,250,16,0.064,New,rainy,,Both,,Children&Adults,,
,East Africa,Tanzania,N,0,0,76,7,0.092105263,250,7,0.028,New,rainy,,Both,,Children&Adults,,
,East Africa,Tanzania,N,0,0,87,6,0.068965517,250,7,0.028,New,rainy,,Both,,Children&Adults,,
,East Africa,Tanzania,N,0,0,91,21,0.230769231,249,30,0.12048193,New,rainy,,Both,,Children&Adults,,
,East Africa,Tanzania,N,0,0,87,44,0.505747126,249,61,0.24497992,New,rainy,,Both,,Children&Adults,,
,East Africa,Tanzania,N,0,1,84,8,0.095238095,250,14,0.056,New,rainy,,Both,,Children&Adults,,
,East Africa,Tanzania,N,0,1,88,49,0.556818182,249,45,0.18072289,New,rainy,,Both,,Children&Adults,,
,East Africa,Tanzania,N,0,1,81,52,0.641975309,246,2,0.00813008,New,rainy,,Both,,Children&Adults,,
,East Africa,Tanzania,N,0,1,83,61,0.734939759,243,74,0.30452675,New,rainy,,Both,,Children&Adults,,
,East Africa,Tanzania,N,0,1,95,83,0.873684211,247,122,0.49392713,New,rainy,,Both,,Children&Adults,,
Rosas-Aguirre,South America,Peru,Y,,,2667,1,0.000374953,2667,3.75E-05,0.00000001,New,rainy,,Both,,Children&Adults,,
Tran,West Africa,Mali,N,1,1,547,320,0.585009141,547,159,0.29067642,New,,"averaged over all age groups, consider removing",,,,,
,West Africa,Mali,N,1,1,90,32,0.355555556,90,18,0.2,New,,,0-15,,04-Jun,,
,West Africa,Mali,N,1,1,299,189,0.632107023,299,105,0.35117057,New,,,0-15,May-15,07-Sep,,
,West Africa,Mali,N,1,1,111,72,0.648648649,111,29,0.26126126,New,,,0-15,May-15,Oct-14,,
,West Africa,Mali,N,1,1,47,27,0.574468085,47,7,0.14893617,New,,,15+,,15-25,,
Koepfli,Asia,Papua New Guinea,N,,,2083,385,0.184829573,2083,117,0.05616899,New,dry,,Both,,Children&Adults,,
Morris,East Africa,Zanzibar,Y,,,2423,80,0.033016921,2423,4.13E-05,0.00000002,New,,,,,,,
Kho,Asia,Indonesia,N,,,153,36,0.235294118,153,17,0.11111111,New,,,15+,,Adults only,,
Baum,Asia,Thailand,Y,,,1347,20,0.01484781,1347,7.42E-05,0.00000006,New,,,Both,,Children&Adults,,
Laban,East Africa,Zambia,N,0,1,638,18,0.028213166,676,1,0.00147929,New,dry,,,,,,
,East Africa,Zambia,N,0,1,871,16,0.01836969,871,2,0.00229621,New,dry,,,,,,
,East Africa,Zambia,Y,0,1,740,12,0.016216216,740,0.000135135,0.00000018,New,dry,,,,,,
,East Africa,Zambia,N,0,1,688,3,0.004360465,688,1,0.00145349,New,dry,,,,,,
Mwingira,East Africa,Tanzania,N,0,1,226,86,0.380530973,226,13,0.05752212,New,,,,,,,
,East Africa,Tanzania,N,0,1,226,60,0.265486726,226,13,0.05752212,New,,,,,,,
Wang,Asia,Myanmar,N,,,1552,42,0.027061856,1552,5,0.00322165,New,,,,,,,
,Asia,Myanmar,N,,,1552,15,0.009664948,1552,5,0.00322165,New,,,,,,,
,Asia,Myanmar,N,,,1552,43,0.027706186,1552,5,0.00322165,New,,,,,,,
Talundzic,East Africa,Tanzania,N,0,1,303,27,0.089108911,303,11,0.03630363,New,,,,,,,
Kaisar,Asia,Indonesia,N,,,1509,219,0.145129225,1509,37,0.02451955,New,,,,,,,
Farnert,East Africa,Tanzania,N,0,1,1295,899,0.694208494,1295,504,0.38918919,New,dry,(very start of the rainy season),,,,,
,East Africa,Tanzania,N,0,1,1295,760,0.586872587,1295,504,0.38918919,New,dry,,,,,,
,East Africa,Tanzania,N,0,1,1553,1006,0.647778493,1553,415,0.26722473,New,dry,,,,,,
,East Africa,Tanzania,N,0,1,1553,696,0.448164842,1553,415,0.26722473,New,dry,,,,,,
Thanh,Asia,Vietnam,N,,,327,42,0.128440367,1450,93,0.06413793,New,,"averaged over all villages, consider removing",Both,,Children&Adults,,
,Asia,Vietnam,N,,,75,4,0.053333333,350,10,0.02857143,New,,,Both,,Children&Adults,,
,Asia,Vietnam,N,,,55,6,0.109090909,256,8,0.03125,New,,,Both,,Children&Adults,,
,Asia,Vietnam,N,,,133,17,0.127819549,532,51,0.09586466,New,,,Both,,Children&Adults,,
,Asia,Vietnam,N,,,64,15,0.234375,312,24,0.07692308,New,,,Both,,Children&Adults,,
Oriero,West Africa,The Gambia,N,0,1,341,131,0.384164223,341,104,0.30498534,New,,,Both,,Children&Adults,,
Takem,West Africa,The Gambia,N,0,1,3214,278,0.086496577,424,31,0.07311321,New,,,0-15,,0-15,,
Geiger,West Africa,Burkina Faso,N,1,1,1561,1436,0.919923126,1561,1232,0.78923767,New,,,Both,,Children&Adults,,
,West Africa,Burkina Faso,N,1,1,402,266,0.661691542,402,235,0.58457711,New,,,Both,,Children&Adults,,
,West Africa,Burkina Faso,N,1,1,362,143,0.395027624,362,109,0.30110497,New,,,Both,,Children&Adults,,
,West Africa,Burkina Faso,N,1,1,256,176,0.6875,256,143,0.55859375,New,,,Both,,Children&Adults,,
,West Africa,Burkina Faso,N,1,1,267,105,0.393258427,267,79,0.29588015,New,,,Both,,Children&Adults,,
,West Africa,Burkina Faso,N,1,1,219,161,0.735159817,219,108,0.49315068,New,,,Both,,Children&Adults,,
,West Africa,Burkina Faso,N,1,1,261,90,0.344827586,261,85,0.3256705,New,,,Both,,Children&Adults,,
,West Africa,Burkina Faso,N,1,1,877,602,0.686431015,877,486,0.55416192,New,,,Both,,Children&Adults,,
,West Africa,Burkina Faso,N,1,1,890,337,0.378651685,890,273,0.30674157,New,,,Both,,Children&Adults,,
Elbadry,South America,Haiti,Y,,,108,3,0.027777778,108,0.000925926,0.00000857,New,,,15+,,Adults,,
,South America,Haiti,Y,,,122,6,0.049180328,122,0.000819672,0.00000672,New,,,15+,,Adults,,
,South America,Haiti,N,,,194,79,0.407216495,194,14,0.07216495,New,,,15+,,Adults,,
,South America,Haiti,N,,,39,10,0.256410256,39,1,0.02564103,New,,,15+,,Adults,,
,South America,Haiti,Y,,,63,2,0.031746032,63,0.001587302,0.0000252,New,,,15+,,Adults,,
,South America,Haiti,N,,,37,8,0.216216216,37,2,0.05405405,New,,,15+,,Adults,,
,South America,Haiti,N,,,563,108,0.191829485,563,17,0.03019538,New,,,15+,,Adults,,
Ganguly,Asia,India,N,,,224,27,0.120535714,224,25,0.11160714,New,dry,end of dry season,,,,,
,Asia,India,N,,,275,24,0.087272727,275,16,0.05818182,New,dry,,,,,,
,Asia,India,N,,,225,25,0.111111111,225,23,0.10222222,New,dry,,,,,,
,Asia,India,N,,,239,2,0.008368201,239,2,0.0083682,New,dry,,,,,,
,Asia,India,N,,,963,78,0.080996885,963,66,0.06853583,New,dry,,,,,,
Mara,West Africa,Ivory Coast,N,1,1,292,241,0.825342466,292,230,0.78767123,New,,,0-15,May-15,7-15 year old children,,
Koukouikila-Koussounda,West Africa,Republic of Congo,N,0,1,137,12,0.087591241,137,5,0.03649635,New,,,0-15,0-5,01-Mar,,
,West Africa,Republic of Congo,N,0,1,96,18,0.1875,96,11,0.11458333,New,,,0-15,,04-Jun,,
,West Africa,Republic of Congo,N,0,1,80,21,0.2625,80,11,0.1375,New,,,0-15,May-15,07-Sep,,
,West Africa,Republic of Congo,N,0,1,313,51,0.162939297,313,27,0.08626198,New,,total over all age groups consider removing,,,,,
Cook,Asia,Republic of Yemen,N,,,2181,430,0.197157267,2220,237,0.10675676,New,,,0-15,,DOUBLE CHECK,,
Waltmann,Oceania,Solomon Islands,N,,,3501,5,0.001428163,3501,4,0.00114253,New,rainy,,0-15,0-5,01-Mar,,
Rosas-Aguirre,South America,Peru,N,,,651,35,0.053763441,651,10,0.01536098,New,rainy,,0-15,,"0-7 (AND POSS ADULTS, DOUBLE CHECK)",,
Koepfli,Asia,Papua New Guinea,N,,,1019,283,0.277723258,1019,195,0.19136408,New,,,0-15,0-5,01-Mar,,
Proietti,East Africa,Uganda,N,1,1,240,130,0.541666667,249,105,0.42168675,New,,,0-15,0-5,0-5,,
,East Africa,Uganda,N,1,1,122,103,0.844262295,126,74,0.58730159,New,,,0-15,May-15,06-Oct,,
,East Africa,Uganda,N,1,1,128,48,0.375,134,15,0.1119403,New,,,15+,,20+,,
,East Africa,Uganda,N,1,1,490,281,0.573469388,509,194,0.38113949,New,,total over all age groups consider removing,,,,,
Ngane,West Africa,Angola,N,0,1,386,80,0.207253886,386,61,0.15803109,New,,,0-15,,0-15,,
Lo,East Africa,Kenya,N,0,1,201,130,0.646766169,201,117,0.58208955,New,,,0-15,,Mar-18,CHECK HOW MANY 18 YEAR OLDS ON AVERAGE- CAN I INCLUDE THEM WITH KIDS?,
,East Africa,Kenya,N,0,1,201,28,0.139303483,201,4,0.0199005,New,,,0-15,,Mar-18,,
,East Africa,Kenya,N,0,0,250,7,0.028,250,1,0.004,New,,,0-15,,Mar-18,,
,East Africa,Kenya,N,0,1,234,91,0.388888889,234,34,0.14529915,New,,,0-15,,Mar-18,,
,East Africa,Kenya,N,0,0,213,116,0.544600939,216,84,0.38888889,New,,,0-15,,Mar-18,,
,East Africa,Kenya,N,0,0,200,41,0.205,202,8,0.03960396,New,,,0-15,,Mar-18,,
,East Africa,Kenya,N,0,1,189,65,0.343915344,190,45,0.23684211,New,,,0-15,,Mar-18,,
,East Africa,Kenya,N,0,1,209,85,0.406698565,208,29,0.13942308,New,,,0-15,,Mar-18,,
,East Africa,Kenya,N,0,1,322,15,0.046583851,357,8,0.02240896,New,,,0-15,,Mar-18,,
,East Africa,Kenya,N,0,1,300,16,0.053333333,300,14,0.04666667,New,,,0-15,,Mar-18,,
,East Africa,Kenya,N,0,1,222,109,0.490990991,221,43,0.19457014,New,,,0-15,,Mar-18,,
,East Africa,Kenya,N,0,1,161,35,0.217391304,205,7,0.03414634,New,,,0-15,,Mar-18,,
,East Africa,Kenya,N,0,1,181,46,0.254143646,179,36,0.20111732,New,,,0-15,,Mar-18,,
,East Africa,Kenya,N,0,1,401,21,0.052369077,401,10,0.02493766,New,,,0-15,,Mar-18,,
,East Africa,Kenya,N,0,1,217,82,0.377880184,215,67,0.31162791,New,,,0-15,,Mar-18,,
,East Africa,Kenya,N,0,0,369,32,0.086720867,460,14,0.03043478,New,,,0-15,,Mar-18,,
,East Africa,Kenya,N,0,1,244,21,0.086065574,251,27,0.10756972,New,,,0-15,,Mar-18,,
,East Africa,Kenya,N,0,0,197,8,0.040609137,188,7,0.03723404,New,,,0-15,,Mar-18,,
,East Africa,Kenya,N,0,1,250,9,0.036,250,1,0.004,New,,,0-15,,Mar-18,,
,East Africa,Kenya,N,0,0,204,4,0.019607843,204,1,0.00490196,New,,,0-15,,Mar-18,,
,East Africa,Kenya,N,0,0,382,16,0.041884817,378,3,0.00793651,New,,,0-15,,Mar-18,,
,East Africa,Kenya,N,0,1,217,45,0.207373272,217,48,0.22119816,New,,,0-15,,Mar-18,,
,East Africa,Kenya,N,0,1,237,27,0.113924051,245,4,0.01632653,New,,,0-15,,Mar-18,,
,East Africa,Kenya,N,0,1,230,78,0.339130435,230,3,0.01304348,New,,,0-15,,Mar-18,,
,East Africa,Kenya,N,0,1,227,28,0.123348018,229,3,0.01310044,New,,,0-15,,Mar-18,,
,East Africa,Kenya,N,0,1,225,39,0.173333333,226,20,0.08849558,New,,,0-15,,Mar-18,,
,East Africa,Kenya,N,0,1,218,73,0.334862385,218,9,0.0412844,New,,,0-15,,Mar-18,,
,East Africa,Kenya,N,0,1,135,60,0.444444444,58,5,0.0862069,New,,,0-15,,Mar-18,,
,East Africa,Kenya,N,0,1,398,142,0.35678392,398,134,0.33668342,New,,,0-15,,Mar-18,,
,East Africa,Kenya,N,0,1,206,45,0.218446602,207,8,0.03864734,New,,,0-15,,Mar-18,,
,East Africa,Kenya,N,0,1,226,100,0.442477876,226,40,0.17699115,New,,,0-15,,Mar-18,,
,East Africa,Kenya,N,0,1,247,2,0.008097166,250,2,0.008,New,,,0-15,,Mar-18,,
,East Africa,Kenya,N,0,1,237,55,0.232067511,237,51,0.21518987,New,,,0-15,,Mar-18,,
,East Africa,Kenya,N,0,1,189,17,0.08994709,201,2,0.00995025,New,,,0-15,,Mar-18,,
,East Africa,Kenya,N,0,1,593,167,0.281618887,593,163,0.27487352,New,,,0-15,,Mar-18,,
,East Africa,Kenya,N,0,1,211,75,0.355450237,219,71,0.32420091,New,,,0-15,,Mar-18,,
,East Africa,Kenya,N,0,0,267,17,0.063670412,285,8,0.02807018,New,,,0-15,,Mar-18,,
,East Africa,Kenya,N,0,1,221,58,0.262443439,221,59,0.26696833,New,,,0-15,,Mar-18,,
,East Africa,Kenya,N,0,1,223,112,0.502242152,224,8,0.03571429,New,,,0-15,,Mar-18,,
,East Africa,Kenya,N,0,1,133,22,0.165413534,133,16,0.12030075,New,,,0-15,,Mar-18,,
,East Africa,Kenya,N,0,1,254,104,0.409448819,254,83,0.32677165,New,,,0-15,,Mar-18,,
,East Africa,Kenya,N,0,1,210,59,0.280952381,210,66,0.31428571,New,,,0-15,,Mar-18,,
,East Africa,Kenya,N,0,0,195,29,0.148717949,198,1,0.00505051,New,,,0-15,,Mar-18,,
,East Africa,Kenya,N,0,1,416,17,0.040865385,416,1,0.00240385,New,,,0-15,,Mar-18,,
,East Africa,Kenya,N,0,1,205,61,0.297560976,205,62,0.30243902,New,,,0-15,,Mar-18,,
Saenz,South America,Ecuador,Y,,,648,4,0.00617284,648,0,0,New,,,Both,,Children&Adults,,
Sumari,East Africa,Tanzania,N,0,1,200,115,0.575,200,16,0.08,New,rainy,"""high season""",0-15,May-15,Jun-14,,
Baum,Asia,Thailand,Y,,,219,8,0.03652968,219,0.000456621,0.00000209,New,dry,spanned end of dry and start of rainy,Both,,Children&Adults,,
Tadesse,East Africa,Ethiopia,Y,0,0,257,15,0.058365759,257,0.000389105,0.00000151,New,dry,,Both,,Children&Adults,,
,East Africa,Ethiopia,Y,0,0,298,14,0.046979866,298,0.00033557,0.00000113,New,,,Both,,Children&Adults,,
,East Africa,Ethiopia,Y,0,0,555,29,0.052252252,555,0.00018018,0.00000032,New,,,Both,,Children&Adults,,
Daou,West Africa,Mali,N,1,1,98,77,0.785714286,98,27,0.2755102,New,dry,beginning of high season,,,,,
,West Africa,Mali,N,1,1,94,41,0.436170213,99,20,0.2020202,New,rainy,midway through high season,,,,,
Amoah (15:388),West Africa,Ghana,N,1,1,170,85,0.5,170,49,0.28823529,New,,,0-15,May-15,05-Dec,unclear check,
,West Africa,Ghana,N,1,1,170,50,0.294117647,170,38,0.22352941,New,,,0-15,May-15,05-Dec,unclear check,
,West Africa,Ghana,N,1,1,170,65,0.382352941,170,44,0.25882353,New,,,0-15,May-15,05-Dec,unclear check,
,West Africa,Ghana,N,1,1,170,66,0.388235294,170,10,0.05882353,New,,,0-15,May-15,05-Dec,unclear check,
Amoah (15:101),West Africa,Ghana,N,0,1,291,205,0.704467354,291,120,0.41237113,New,,,0-15,,<17,unclear check,
,West Africa,Ghana,N,1,1,267,110,0.411985019,267,2,0.00749064,New,,,0-15,,<17,unclear check,
Dinko,West Africa,Ghana,N,1,1,270,207,0.766666667,270,165,0.61111111,New,rainy,end or rainy into beg dry,0-15,,May-17,,
Fancony,West Africa,Angola,N,0,1,3307,525,0.158754158,3307,525,0.15875416,New,rainy,end or rainy into beg dry,Both,,Children&Adults,,
Congpuong,Asia,Thailand,Y,,,475,4,0.008421053,475,0.000210526,0.00000044,New,,,Both,,Children&Adults,,
Lek,Asia,Cambodia,N,,,7707,340,0.044115739,7707,143,0.01855456,New,rainy,,Both,,Children&Adults,,
Cistero,East Africa,Mozambique,N,0,1,95,63,0.663157895,95,51,0.53684211,New,rainy,,Both,,Children&Adults,,
Tiedje,West Africa,Ghana,N,1,1,545,369,0.67706422,901,356,0.39511654,New,rainy,,Both,,Children&Adults,,
,West Africa,Ghana,N,1,1,547,444,0.811700183,999,452,0.45245245,New,rainy,,Both,,Children&Adults,,
,West Africa,Ghana,N,1,1,655,271,0.413740458,910,255,0.28021978,New,dry,,Both,,Children&Adults,,
,West Africa,Ghana,N,1,1,700,304,0.434285714,958,258,0.26931106,New,dry,,Both,,Children&Adults,,
Tadesse,East Africa,Ethiopia,N,0,0,490,45,0.091836735,490,16,0.03265306,New,rainy,,Both,,Children&Adults,,
Goncalves,West Africa,Burkina Faso,N,1,1,198,100,0.505050505,197,51,0.25888325,New,,,Both,,Children&Adults,,
,West Africa,Burkina Faso,N,1,1,198,166,0.838383838,199,104,0.52261307,New,,,Both,,Children&Adults,,
,East Africa,Kenya,N,0,1,139,52,0.374100719,139,9,0.0647482,New,,,Both,,Children&Adults,,
,East Africa,Kenya,N,0,1,274,105,0.383211679,274,47,0.17153285,New,,,Both,,Children&Adults,,
Walldorf,East Africa,Malawi,N,0,1,161,7,0.043478261,157,5,0.03184713,New,rainy,,0-15,0-5,0-5,,
,East Africa,Malawi,N,0,1,177,6,0.033898305,176,3,0.01704545,New,dry,,0-15,0-5,0-5,,
,East Africa,Malawi,N,0,1,184,11,0.059782609,184,9,0.04891304,New,rainy,,0-15,0-5,0-5,,
,East Africa,Malawi,N,0,1,152,2,0.013157895,152,3,0.01973684,New,dry,,0-15,0-5,0-5,,
,East Africa,Malawi,N,0,1,170,8,0.047058824,170,1,0.00588235,New,rainy,,0-15,0-5,0-5,,
,East Africa,Malawi,N,0,1,192,10,0.052083333,196,12,0.06122449,New,dry,,0-15,0-5,0-5,,
,East Africa,Malawi,N,0,1,185,23,0.124324324,182,15,0.08241758,New,rainy,,0-15,May-15,May-15,,
,East Africa,Malawi,N,0,1,250,22,0.088,250,8,0.032,New,dry,,0-15,May-15,May-15,,
,East Africa,Malawi,N,0,1,328,42,0.12804878,328,36,0.1097561,New,rainy,,0-15,May-15,May-15,,
,East Africa,Malawi,N,0,1,325,24,0.073846154,326,14,0.04294479,New,dry,,0-15,May-15,May-15,,
,East Africa,Malawi,N,0,1,382,41,0.107329843,381,24,0.06299213,New,rainy,,0-15,May-15,May-15,,
,East Africa,Malawi,N,0,1,413,27,0.065375303,422,13,0.03080569,New,dry,,0-15,May-15,May-15,,
,East Africa,Malawi,N,0,1,362,27,0.074585635,353,6,0.01699717,New,rainy,,0-15,,15+,,
,East Africa,Malawi,N,0,1,419,15,0.035799523,417,4,0.00959233,New,dry,,0-15,,15+,,
,East Africa,Malawi,N,0,1,433,33,0.076212471,434,19,0.0437788,New,rainy,,0-15,,15+,,
,East Africa,Malawi,N,0,1,445,36,0.080898876,445,13,0.02921348,New,rainy,,0-15,,15+,,
,East Africa,Malawi,N,0,1,436,17,0.038990826,444,6,0.01351351,New,dry,,0-15,,15+,,
,East Africa,Malawi,N,0,1,183,37,0.202185792,177,27,0.15254237,New,rainy,,0-15,0-5,0-5,,
,East Africa,Malawi,N,0,1,192,26,0.135416667,190,20,0.10526316,New,dry,,0-15,0-5,0-5,,
,East Africa,Malawi,N,0,1,219,47,0.214611872,219,36,0.16438356,New,rainy,,0-15,0-5,0-5,,
,East Africa,Malawi,N,0,1,229,22,0.096069869,229,23,0.10043668,New,dry,,0-15,0-5,0-5,,
,East Africa,Malawi,N,0,1,221,69,0.312217195,221,43,0.19457014,New,rainy,,0-15,0-5,0-5,,
,East Africa,Malawi,N,0,1,220,35,0.159090909,220,29,0.13181818,New,dry,,0-15,0-5,0-5,,
,East Africa,Malawi,N,0,1,298,114,0.382550336,283,79,0.27915194,New,rainy,,0-15,May-15,May-15,,
,East Africa,Malawi,N,0,1,372,117,0.314516129,349,60,0.17191977,New,dry,,0-15,May-15,May-15,,
,East Africa,Malawi,N,0,1,400,178,0.445,401,141,0.35162095,New,rainy,,0-15,May-15,May-15,,
,East Africa,Malawi,N,0,1,372,106,0.284946237,372,76,0.20430108,New,dry,,0-15,May-15,May-15,,
,East Africa,Malawi,N,0,1,369,159,0.430894309,368,133,0.36141304,New,rainy,,0-15,May-15,May-15,,
,East Africa,Malawi,N,0,1,427,129,0.302107728,427,85,0.19906323,New,dry,,0-15,May-15,May-15,,
,East Africa,Malawi,N,0,1,406,79,0.194581281,395,35,0.08860759,New,rainy,,0-15,,15+,,
,East Africa,Malawi,N,0,1,464,68,0.146551724,461,22,0.04772234,New,dry,,0-15,,15+,,
,East Africa,Malawi,N,0,1,486,112,0.230452675,486,63,0.12962963,New,rainy,,0-15,,15+,,
,East Africa,Malawi,N,0,1,455,71,0.156043956,480,33,0.06875,New,dry,,0-15,,15+,,
,East Africa,Malawi,N,0,1,453,133,0.293598234,451,70,0.15521064,New,rainy,,0-15,,15+,,
,East Africa,Malawi,N,0,1,478,76,0.158995816,479,25,0.05219207,New,dry,,0-15,,15+,,
,East Africa,Malawi,N,0,1,163,11,0.067484663,159,14,0.08805031,New,rainy,,0-15,0-5,0-5,,
,East Africa,Malawi,N,0,1,189,9,0.047619048,188,9,0.04787234,New,dry,,0-15,0-5,0-5,,
,East Africa,Malawi,N,0,1,187,19,0.101604278,189,16,0.08465608,New,rainy,,0-15,0-5,0-5,,
,East Africa,Malawi,N,0,1,169,7,0.041420118,169,2,0.01183432,New,dry,,0-15,0-5,0-5,,
,East Africa,Malawi,N,0,1,161,17,0.105590062,161,11,0.06832298,New,rainy,,0-15,0-5,0-5,,
,East Africa,Malawi,N,0,1,167,11,0.065868263,167,6,0.03592814,New,dry,,0-15,0-5,0-5,,
,East Africa,Malawi,N,0,1,215,63,0.293023256,207,44,0.21256039,New,rainy,,0-15,May-15,May-15,,
,East Africa,Malawi,N,0,1,306,63,0.205882353,302,28,0.09271523,New,dry,,0-15,May-15,May-15,,
,East Africa,Malawi,N,0,1,375,93,0.248,385,69,0.17922078,New,rainy,,0-15,May-15,May-15,,
,East Africa,Malawi,N,0,1,369,54,0.146341463,369,29,0.07859079,New,dry,,0-15,May-15,May-15,,
,East Africa,Malawi,N,0,1,355,68,0.191549296,355,40,0.11267606,New,rainy,,0-15,May-15,May-15,,
,East Africa,Malawi,N,0,1,420,64,0.152380952,420,39,0.09285714,New,dry,,0-15,May-15,May-15,,
,East Africa,Malawi,N,0,1,398,44,0.110552764,388,30,0.07731959,New,rainy,,0-15,,15+,,
,East Africa,Malawi,N,0,1,472,27,0.05720339,468,10,0.02136752,New,dry,,0-15,,15+,,
,East Africa,Malawi,N,0,1,465,43,0.092473118,479,21,0.04384134,New,rainy,,0-15,,15+,,
,East Africa,Malawi,N,0,1,455,15,0.032967033,454,4,0.00881057,New,dry,,0-15,,15+,,
,East Africa,Malawi,N,0,1,444,64,0.144144144,444,35,0.07882883,New,rainy,,0-15,,15+,,
,East Africa,Malawi,N,0,1,443,29,0.065462754,443,12,0.02708804,New,dry,,0-15,,15+,,
Vafa (2007),West Africa,Mali,N,1,1,212,85,0.400943396,212,34,0.16037736,Old,,,Both,,children & adults,,Mopti
Vafa (2007),West Africa,Mali,N,1,1,214,66,0.308411215,214,32,0.14953271,Old,,,Both,,children & adults,,Mopti
Roper (1996),East Africa,Sudan,N,0,0,79,10,0.126582278,79,2,0.02531646,Old,,,Both,,children & adults,,Gadaref
Roper (1996),East Africa,Sudan,N,0,0,79,15,0.189873418,79,4,0.05063291,Old,,,Both,,children & adults,,Gadaref
Roper (1996),East Africa,Sudan,N,0,0,79,19,0.240506329,79,8,0.10126582,Old,,,Both,,children & adults,,Gadaref
Roper (1996),East Africa,Sudan,Y,0,0,73,14,0.191780822,73,0.001369863,0.00001877,Old,,,Both,,children & adults,,Gadaref
John (2005),East Africa,Kenya,N,0,1,123,13,0.105691057,123,10,0.08130081,Old,,,Both,,children & adults,,Nyanza
John (2005),East Africa,Kenya,N,0,1,267,25,0.093632959,267,17,0.06367041,Old,,,Both,,children & adults,,Nyanza
John (2005),East Africa,Kenya,N,0,1,273,16,0.058608059,273,8,0.02930403,Old,,,Both,,children & adults,,Nyanza
John (2005),East Africa,Kenya,N,0,1,152,9,0.059210526,152,2,0.01315789,Old,,,Both,,children & adults,,Nyanza
John (2005),East Africa,Kenya,N,0,1,228,33,0.144736842,228,18,0.07894737,Old,,,Both,,children & adults,,Nyanza
Ofulla (2005),East Africa,Kenya,N,0,1,301,251,0.833887043,301,220,0.73089701,Old,,,Both,,children & adults,,Nyanza
Stich (2006),West Africa,Burkina Faso,N,1,1,201,185,0.92039801,201,162,0.80597015,Old,,,Both,,children & adults,,Boucle Du Mouhoun
Alves (2002),South America,Brazil,N,,,164,16,0.097560976,175,4,0.02285714,Old,,,Both,,children & adults,,
Alves (2002),South America,Brazil,N,,,142,25,0.176056338,142,2,0.01408451,Old,,,Both,,children & adults,,
Alves (2002),South America,Brazil,Y,,,125,2,0.016,125,0.0008,0.0000064,Old,,,Both,,children & adults,,
Alves (2002),South America,Brazil,N,,,128,58,0.453125,172,10,0.05813953,Old,,,Both,,children & adults,,
Muller (2001),West Africa,Sao Tome & Principe,N,,,491,321,0.653767821,491,194,0.39511202,Old,,,Both,,children & adults,,
Alves (2006),West Africa,Republic of Cabo Verde,Y,,,338,3,0.00887574,338,0.000295858,0.00000088,Old,,,Both,,children & adults,,
Alves (2006),West Africa,Republic of Cabo Verde,Y,,,261,10,0.038314176,261,0.000383142,0.00000147,Old,,,Both,,children & adults,,
Cortes (2004),Oceania,Papua New Guinea,N,,,628,330,0.525477707,628,175,0.27866242,Old,,,Both,,children & adults,,
Roshanravan (2003),South America,Peru,N,,,819,28,0.034188034,819,12,0.01465201,Old,,,Both,,children & adults,,
Zwetyenga  (1998),West Africa,Senegal,N,0,1,143,110,0.769230769,143,52,0.36363636,Old,,,Both,,children & adults,,Fatick
Toma (2001),Asia,Lao PDR,N,,,143,77,0.538461538,143,46,0.32167832,Old,,,Both,,children & adults,,
Toma (2001),Asia,Lao PDR,N,,,193,20,0.103626943,193,7,0.03626943,Old,,,Both,,children & adults,,
Mehlotra  (2002),Oceania,Papua New Guinea,N,,,340,179,0.526470588,1759,352,0.2001137,Old,,,Both,,children & adults,,
Mehlotra (2002),Oceania,Papua New Guinea,N,,,330,195,0.590909091,972,217,0.22325103,Old,,,Both,,children & adults,,
Owusu-Agyei (2002),West Africa,Ghana,N,1,1,308,252,0.818181818,308,217,0.70454545,Old,,,Both,,children & adults,,Upper East Region
Felger (1995),Oceania,Papua New Guinea,N,,,304,144,0.473684211,304,75,0.24671053,Old,,,Both,,children & adults,,
Snounou (1993),West Africa,Guinea Bissau,N,0,1,110,90,0.818181818,110,28,0.25454545,Old,,,Both,,children & adults,,Biombo/Bissau
Snounou (1993),West Africa,Guinea Bissau,N,0,1,79,69,0.873417722,79,38,0.48101266,Old,,,Both,,children & adults,,Biombo/Bissau
Ntoumi (1995),West Africa,Senegal,N,0,1,65,50,0.769230769,65,50,0.76923077,Old,,,Both,,children & adults,,Fatick
Marques (2005),East Africa,Mozambique,N,1,1,70,50,0.714285714,70,43,0.61428571,Old,,,Both,,children & adults,,Maputo
Marques (2005),East Africa,Mozambique,N,1,1,70,55,0.785714286,70,43,0.61428571,Old,,,Both,,children & adults,,Maputo
Marques (2005),East Africa,Mozambique,N,1,1,81,73,0.901234568,81,53,0.65432099,Old,,,Both,,children & adults,,Maputo
Marques (2005),East Africa,Mozambique,N,1,1,87,79,0.908045977,87,66,0.75862069,Old,,,Both,,children & adults,,Maputo
Khaminsou (2007),Asia,Lao PDR,N,,,130,18,0.138461538,130,12,0.09230769,Old,,,Both,,children & adults,,
Khaminsou (2007),Asia,Lao PDR,N,,,130,32,0.246153846,130,22,0.16923077,Old,,,Both,,children & adults,,
Nsobya (2004),East Africa,Uganda,N,0,1,316,114,0.360759494,316,55,0.17405063,Old,,,0-15,,children only,,Kampala
Touré (2006),West Africa,Gabon,N,1,1,278,58,0.208633094,278,20,0.07194245,Old,,,15+,,adults only,,Ogooue-lolo
Guerra-Neira (2006),West Africa,Equatorial Guinea,N,1,1,36,24,0.666666667,36,18,0.5,Old,,,0-15,,children only,,"Bioko Norte- weird collection of 0s in the MAP data, have done 1 and 1 but could be 0 and 1."
Guerra-Neira (2006),West Africa,Equatorial Guinea,N,1,1,35,22,0.628571429,35,14,0.4,Old,,,0-15,,children only,,"Bioko Norte- weird collection of 0s in the MAP data, have done 1 and 1 but could be 0 and 1."
Guerra-Neira (2006),West Africa,Equatorial Guinea,N,1,1,81,50,0.617283951,81,40,0.49382716,Old,,,0-15,,children only,,"Bioko Sur- weird collection of 0s in the MAP data, have done 1 and 1 but could be 0 and 1."
Silue (2006),West Africa,Cote d'Ivoire,N,1,1,424,356,0.839622642,424,232,0.54716981,Old,,,0-15,,children only,,Lagunes
Kobbe (2006),West Africa,Ghana,N,1,1,962,175,0.181912682,1069,158,0.14780168,Old,,,0-15,,children only,,Ashanti
Paganotti (2006),West Africa,Burkina Faso,N,,,92,89,0.967391304,92,76,0.82608696,Old,,,0-15,,children only,,Est
Paganotti (2006),West Africa,Burkina Faso,N,,,58,56,0.965517241,58,51,0.87931034,Old,,,0-15,,children only,,Est
Mayor (2003),East Africa,Mozambique,N,0,1,178,76,0.426966292,249,34,0.13654618,Old,,,15+,,adults only,,Maputo
Mayor (2003),East Africa,Mozambique,N,0,1,310,135,0.435483871,625,154,0.2464,Old,,,0-15,,children only,,Maputo
Vafa (2008),West Africa,Senegal,N,0,1,372,164,0.440860215,372,130,0.34946237,Old,,,0-15,,children only,,Fatick
Vafa (2008),West Africa,Senegal,N,0,1,372,190,0.510752688,372,130,0.34946237,Old,,,0-15,,children only,,Fatick
Wataya (1993),Oceania,Solomon Islands,N,,,98,8,0.081632653,98,8,0.08163265,Old,,,Both,,children & adults,,
Dal-Bianco (2007),West Africa,Gabon,N,1,1,470,244,0.519148936,493,57,0.11561866,Old,,,15+,,adults only,,Moyen-Ogooué
Peyerl-Hoffman (2001),West Africa,Uganda,N,0,1,406,225,0.554187192,406,140,0.34482759,Old,,,Both,,children & adults,,Tororo
Cerutti (2007),South America,Brazil,Y,,,1527,10,0.006548788,1777,5.63E-05,0.00000003,Old,,,Both,,children & adults,,
Dent (2007),West Africa,Kenya,N,0,1,201,141,0.701492537,201,117,0.58208955,Old,,,Both,,children & adults,,Nyanza
Mueller (2009),Oceania,Papua New Guinea,N,,,203,71,0.349753695,203,45,0.22167488,Old,,,Both,,children & adults,,
Mueller (2009),Oceania,Papua New Guinea,N,,,153,76,0.496732026,153,45,0.29411765,Old,,,Both,,children & adults,,
Mueller (2009),Oceania,Papua New Guinea,N,,,133,65,0.488721805,133,41,0.30827068,Old,,,Both,,children & adults,,
Mueller (2009),Oceania,Papua New Guinea,N,,,145,72,0.496551724,145,31,0.2137931,Old,,,Both,,children & adults,,
Mueller (2009),Oceania,Papua New Guinea,N,,,172,101,0.587209302,172,58,0.3372093,Old,,,Both,,children & adults,,
Mueller (2009),Oceania,Papua New Guinea,N,,,174,91,0.522988506,174,57,0.32758621,Old,,,Both,,children & adults,,
Mueller (2009),Oceania,Papua New Guinea,N,,,163,82,0.503067485,163,38,0.23312883,Old,,,Both,,children & adults,,
Mueller (2009),Oceania,Papua New Guinea,N,,,174,102,0.586206897,174,49,0.2816092,Old,,,Both,,children & adults,,
Mueller (2009),Oceania,Papua New Guinea,N,,,184,88,0.47826087,184,61,0.33152174,Old,,,Both,,children & adults,,
Mueller (2009),Oceania,Papua New Guinea,N,,,166,101,0.608433735,166,48,0.28915663,Old,,,Both,,children & adults,,
Mueller (2009),Oceania,Papua New Guinea,N,,,174,95,0.545977011,174,57,0.32758621,Old,,,Both,,children & adults,,
Mueller (2009),Oceania,Papua New Guinea,N,,,175,117,0.668571429,175,75,0.42857143,Old,,,Both,,children & adults,,
Mueller (2009),Oceania,Papua New Guinea,N,,,188,148,0.787234043,188,85,0.45212766,Old,,,Both,,children & adults,,
Mueller (2009),Oceania,Papua New Guinea,N,,,148,83,0.560810811,148,23,0.15540541,Old,,,Both,,children & adults,,
Mueller (2009),Oceania,Papua New Guinea,N,,,175,95,0.542857143,175,43,0.24571429,Old,,,Both,,children & adults,,
Andrade (2009),South America,Brazil,N,,,233,8,0.034334764,275,4,0.01454545,Old,,,Both,,children & adults,,
Andrade (2009),South America,Brazil,N,,,277,20,0.072202166,286,2,0.00699301,Old,,,Both,,children & adults,,
Andrade (2009),South America,Brazil,N,,,47,5,0.106382979,47,1,0.0212766,Old,,,Both,,children & adults,,
Andrade (2009),South America,Brazil,N,,,320,11,0.034375,321,4,0.01246106,Old,,,Both,,children & adults,,
Andrade (2009),South America,Brazil,Y,,,165,1,0.006060606,166,0.00060241,0.00000363,Old,,,Both,,children & adults,,
Rosanas-Urgell (2010),Oceania,Papua New Guinea,N,,,452,198,0.438053097,452,115,0.25442478,Old,,,0-15,,children only,,
Satoguina (2009),West Africa,Gambia,N,0,1,841,219,0.260404281,934,97,0.10385439,Old,,,Both,,children & adults,,Upper River
Satoguina (2009),West Africa,Gambia,N,0,1,689,185,0.26850508,729,82,0.11248285,Old,,,Both,,children & adults,,North Bank Division
Satoguina (2009),West Africa,Guinea Bissau,N,0,1,818,194,0.237163814,834,33,0.03956835,Old,,,Both,,children & adults,,Cacheu
Lin (2010),Oceania,Papua New Guinea,N,,,264,131,0.496212121,264,86,0.32575758,Old,,,0-15,,children only,,
Steenkeste (2010),Asia,Cambodia,N,,,204,136,0.666666667,204,75,0.36764706,Old,,,Both,,children & adults,,
Steenkeste (2010),Asia,Cambodia,N,,,205,115,0.56097561,205,68,0.33170732,Old,,,Both,,children & adults,,
Steenkeste (2010),Asia,Cambodia,N,,,209,126,0.602870813,209,48,0.22966507,Old,,,Both,,children & adults,,
Steenkeste (2010),Asia,Cambodia,N,,,202,119,0.589108911,202,53,0.26237624,Old,,,Both,,children & adults,,
Steenkeste (2010),Asia,Cambodia,N,,,141,55,0.390070922,141,20,0.14184397,Old,,,Both,,children & adults,,
Steenkeste (2010),Asia,Cambodia,N,,,143,88,0.615384615,143,49,0.34265734,Old,,,Both,,children & adults,,
Steenkeste (2010),Asia,Cambodia,N,,,118,80,0.677966102,118,31,0.26271186,Old,,,Both,,children & adults,,
Steenkeste (2010),Asia,Cambodia,N,,,134,87,0.649253731,134,38,0.28358209,Old,,,Both,,children & adults,,
Katsuragawa (2010),South America,Brazil,N,,,205,4,0.019512195,205,1,0.00487805,Old,,,Both,,children & adults,,
da Silva (2010),South America,Brazil,N,,,386,35,0.090673575,388,6,0.01546392,Old,,,Both,,children & adults,,
da Silva (2010),South America,Brazil,N,,,379,33,0.08707124,378,6,0.01587302,Old,,,Both,,children & adults,,
da Silva (2010),South America,Brazil,Y,,,328,22,0.067073171,329,0.000303951,0.00000092,Old,,,Both,,children & adults,,
da Silva (2010),South America,Brazil,N,,,334,8,0.023952096,351,1,0.002849,Old,,,Both,,children & adults,,
Marfurt (2010),Oceania,Papua New Guinea,N,,,263,102,0.3878327,258,34,0.13178295,Old,,,Both,,children & adults,,
Marfurt (2010),Oceania,Papua New Guinea,N,,,347,71,0.204610951,346,64,0.1849711,Old,,,Both,,children & adults,,
Marfurt (2010),Oceania,Papua New Guinea,N,,,359,131,0.364902507,358,82,0.22905028,Old,,,Both,,children & adults,,
Marfurt (2010),Oceania,Papua New Guinea,N,,,317,129,0.406940063,314,55,0.17515924,Old,,,Both,,children & adults,,
Marfurt (2010),Oceania,Papua New Guinea,N,,,366,147,0.401639344,356,96,0.26966292,Old,,,Both,,children & adults,,
Marfurt (2010),Oceania,Papua New Guinea,N,,,359,115,0.320334262,358,82,0.22905028,Old,,,Both,,children & adults,,
Pacific Malaria Initiative Survey Group (2010),Oceania,Vanuatu,Y,,,413,2,0.004842615,413,0.000242131,0.00000059,Old,,,0-15,,children only,,
Liljander (2011),West Africa,Kenya,N,0,1,337,263,0.78041543,337,243,0.72106825,Old,,,0-15,,children only,,Coast
Liljander (2011),West Africa,Kenya,N,0,1,360,212,0.588888889,360,174,0.48333333,Old,,,0-15,,children only,,Coast
Gahutu (2011),East Africa,Rwanda,N,0,0,545,92,0.168807339,545,61,0.11192661,Old,,,0-15,,children only,,South/Amajyepfo
Steenkeste (2009),Asia,Cambodia,N,,,102,73,0.715686275,102,59,0.57843137,Old,,,Both,,children & adults,,
Steenkeste (2009),Asia,Cambodia,N,,,235,142,0.604255319,235,77,0.32765957,Old,,,Both,,children & adults,,
