n,Global_Region,Country,Full_Or_Age_Disagg_Data,Was_Initially_Zero?,Transmission_Setting_Current,Transmission_Setting_History,PCR_N_Tested,PCR_N_Positive,PCR_Prev,Microscopy_N_Tested,Microscopy_N_Positive,Micro_Prev,Old_or_New,Age_Group,Age_Group_2,Age_Group_Raw,Age Group Notes,Rainy_Or_Dry,Notes on rainy/dry,"(for old papers, admin unit 1)"
Proietti,East Africa,Uganda,2,N,1,1,57,38,0.666666667,57,31,0.54385965,New,0-15,0-5,0-5,,rainy,,
,East Africa,Uganda,2,N,1,1,62,43,0.693548387,62,37,0.59677419,New,0-15,5-15years,5-10years,,rainy,,
,East Africa,Uganda,2,N,1,1,122,52,0.426229508,124,25,0.2016129,New,15+,15+,15+,,rainy,,
Souza,South America,Brazil,2,Y,,,74,1,0.013513514,74,0,0,New,,,,,,,
,South America,Brazil,2,Y,,,134,0,0.00E+00,134,0,0,New,,,,,,,
,South America,Brazil,2,Y,,,62,0,0.00E+00,62,0,0,New,,,,,,,
Atkinson,Oceania,Solomon Islands,2,N,,,1843,1,0.000542594,8554,1,0.0001169,New,,,,,,,
Pegha Moukandja,West Africa,Gabon,2,N,1,1,277,161,0.581227437,370,93,0.25135135,New,,,Children&Adults,,,"variable, see if can disaggregate",
,West Africa,Gabon,2,N,1,1,195,109,0.558974359,267,72,0.26966292,New,,,Children&Adults,,,,
,West Africa,Gabon,2,N,1,1,161,115,0.714285714,218,57,0.26146789,New,,,Children&Adults,,,,
,West Africa,Gabon,2,N,1,1,219,87,0.397260274,255,36,0.14117647,New,,,Children&Adults,,,,
,West Africa,Gabon,2,N,1,1,173,134,0.774566474,232,59,0.25431034,New,,,Children&Adults,,,,
,West Africa,Gabon,2,N,1,1,114,67,0.587719298,145,31,0.2137931,New,,,Children&Adults,,,,
Atelu,West Africa,Ghana,2,N,1,1,29,4,0.137931034,29,3,0.10344828,New,0-15,0-5,0-5,,,,
,West Africa,Ghana,2,N,1,1,38,8,0.210526316,38,2,0.05263158,New,0-15,5-15years,5-14years,,,,
,West Africa,Ghana,2,N,1,1,37,8,0.216216216,37,1,0.02702703,New,15+,15+,15-24,,,,
,West Africa,Ghana,2,N,1,1,34,3,0.088235294,34,1,0.02941176,New,15+,15+,25-34,,,,
,West Africa,Ghana,2,N,1,1,31,4,0.129032258,31,2,0.06451613,New,15+,15+,35-44,,,,
,West Africa,Ghana,2,N,1,1,40,2,0.05,40,1,0.025,New,15+,15+,44+,,,,
Rovira-Vallbona,South America,Peru,2,N,,,7265,235,0.032346869,7265,5,0.00068823,New,,,Children&Adults,,,,
Kangoye,East Africa,Kenya,2,N,0,1,779,48,0.061617458,779,16,0.02053915,New,,,Children&Adults,,,,
,East Africa,Kenya,2,N,0,1,797,26,0.032622334,797,2,0.00250941,New,,,Children&Adults,,,,
Parr,East Africa,Malawi,2,N,1,1,792,79,0.099747475,792,45,0.05681818,New,,,Children&Adults,,,,
Zhao,Asia,Myanmar,2,Y,,,1005,1,0.000995025,1005,0.00E+00,0,New,,,Children&Adults,,,,
,Asia,Myanmar,2,Y,,,1005,11,0.010945274,1005,0.00E+00,0,New,,,Children&Adults,,,,
Tadesse,East Africa,Ethiopia,2,N,0,0,551,43,0.078039927,551,3,0.00544465,New,0-15,,0-15,Children recruited from school (IQR 11-14),,,
,East Africa,Ethiopia,2,N,0,0,294,38,0.129251701,335,3,0.00895522,New,0-15,,0-15,Children recruited from school (IQR 11-14),,,
Chourasia,Asia,India,2,N,,,437,80,0.183066362,437,47,0.10755149,New,,,Children&Adults,,dry,"(""low"" season)",
Manjurano ,East Africa,Tanzania,2,N,,,1116,384,0.344086022,1116,134,0.12007168,New,,,Children&Adults,,rainy,,
,East Africa,Tanzania,2,N,0,0,85,3,0.035294118,250,4,0.016,New,,,Children&Adults,,rainy,,
,East Africa,Tanzania,2,N,0,0,87,8,0.091954023,251,4,0.01593625,New,,,Children&Adults,,rainy,,
,East Africa,Tanzania,2,N,0,0,88,34,0.386363636,250,4,0.016,New,,,Children&Adults,,rainy,,
,East Africa,Tanzania,2,N,0,0,89,13,0.146067416,250,16,0.064,New,,,Children&Adults,,rainy,,
,East Africa,Tanzania,2,N,0,0,76,7,0.092105263,250,7,0.028,New,,,Children&Adults,,rainy,,
,East Africa,Tanzania,2,N,0,0,87,6,0.068965517,250,7,0.028,New,,,Children&Adults,,rainy,,
,East Africa,Tanzania,2,N,0,0,91,21,0.230769231,249,30,0.12048193,New,,,Children&Adults,,rainy,,
,East Africa,Tanzania,2,N,0,0,87,44,0.505747126,249,61,0.24497992,New,,,Children&Adults,,rainy,,
,East Africa,Tanzania,2,N,0,1,84,8,0.095238095,250,14,0.056,New,,,Children&Adults,,rainy,,
,East Africa,Tanzania,2,N,0,1,88,49,0.556818182,249,45,0.18072289,New,,,Children&Adults,,rainy,,
,East Africa,Tanzania,2,N,0,1,81,52,0.641975309,246,2,0.00813008,New,,,Children&Adults,,rainy,,
,East Africa,Tanzania,2,N,0,1,83,61,0.734939759,243,74,0.30452675,New,,,Children&Adults,,rainy,,
,East Africa,Tanzania,2,N,0,1,95,83,0.873684211,247,122,0.49392713,New,,,Children&Adults,,rainy,,
Rosas-Aguirre,South America,Peru,2,Y,,,2667,1,0.000374953,2667,0.00E+00,0,New,,,Children&Adults,,rainy,,
Tran,West Africa,Mali,2,N,1,1,90,32,0.355555556,90,18,0.2,New,0-15,,04-Jun,,,,
,West Africa,Mali,2,N,1,1,299,189,0.632107023,299,105,0.35117057,New,0-15,5-15years,07-Sep,,,,
,West Africa,Mali,2,N,1,1,111,72,0.648648649,111,29,0.26126126,New,0-15,5-15years,Oct-14,,,,
,West Africa,Mali,2,N,1,1,47,27,0.574468085,47,7,0.14893617,New,15+,15+,15-25,,,,
Koepfli,Asia,Papua New Guinea,2,N,,,2083,385,0.184829573,2083,117,0.05616899,New,,,Children&Adults,,dry,,
Morris,East Africa,Zanzibar,2,Y,,,2423,80,0.033016921,2423,0.00E+00,0,New,,,,,,,
Kho,Asia,Indonesia,2,N,,,153,36,0.235294118,153,17,0.11111111,New,15+,15+,Adults only,,,,
Baum,Asia,Thailand,2,Y,,,1347,20,0.01484781,1347,0.00E+00,0,New,,,Children&Adults,,,,
Laban,East Africa,Zambia,2,N,0,1,638,18,0.028213166,676,1,0.00147929,New,,,,,dry,,
,East Africa,Zambia,2,N,0,1,871,16,0.01836969,871,2,0.00229621,New,,,,,dry,,
,East Africa,Zambia,2,Y,0,1,740,12,0.016216216,740,0,0,New,,,,,dry,,
,East Africa,Zambia,2,N,0,1,688,3,0.004360465,688,1,0.00145349,New,,,,,dry,,
Mwingira,East Africa,Tanzania,2,N,0,1,226,86,0.380530973,226,13,0.05752212,New,,,,,,,
,East Africa,Tanzania,2,N,0,1,226,60,0.265486726,226,13,0.05752212,New,,,,,,,
Wang,Asia,Myanmar,2,N,,,1552,42,0.027061856,1552,5,0.00322165,New,,,,,,,
,Asia,Myanmar,2,N,,,1552,15,0.009664948,1552,5,0.00322165,New,,,,,,,
,Asia,Myanmar,2,N,,,1552,43,0.027706186,1552,5,0.00322165,New,,,,,,,
Talundzic,East Africa,Tanzania,2,N,0,1,303,27,0.089108911,303,11,0.03630363,New,,,,,,,
Kaisar,Asia,Indonesia,2,N,,,1509,219,0.145129225,1509,37,0.02451955,New,,,,,,,
Farnert,East Africa,Tanzania,2,N,0,1,1295,899,0.694208494,1295,504,0.38918919,New,,,,,dry,(very start of the rainy season),
,East Africa,Tanzania,2,N,0,1,1295,760,0.586872587,1295,504,0.38918919,New,,,,,dry,,
,East Africa,Tanzania,2,N,0,1,1553,1006,0.647778493,1553,415,0.26722473,New,,,,,dry,,
,East Africa,Tanzania,2,N,0,1,1553,696,0.448164842,1553,415,0.26722473,New,,,,,dry,,
Thanh,Asia,Vietnam,2,N,,,75,4,0.053333333,350,10,0.02857143,New,,,Children&Adults,,,,
,Asia,Vietnam,2,N,,,55,6,0.109090909,256,8,0.03125,New,,,Children&Adults,,,,
,Asia,Vietnam,2,N,,,133,17,0.127819549,532,51,0.09586466,New,,,Children&Adults,,,,
,Asia,Vietnam,2,N,,,64,15,0.234375,312,24,0.07692308,New,,,Children&Adults,,,,
Oriero,West Africa,The Gambia,2,N,0,1,341,131,0.384164223,341,104,0.30498534,New,,,Children&Adults,,,,
Takem,West Africa,The Gambia,2,N,0,1,3214,278,0.086496577,424,31,0.07311321,New,0-15,,0-15,,,,
Geiger,West Africa,Burkina Faso,2,N,1,1,1561,1436,0.919923126,1561,1232,0.78923767,New,,,Children&Adults,,,,
,West Africa,Burkina Faso,2,N,1,1,402,266,0.661691542,402,235,0.58457711,New,,,Children&Adults,,,,
,West Africa,Burkina Faso,2,N,1,1,362,143,0.395027624,362,109,0.30110497,New,,,Children&Adults,,,,
,West Africa,Burkina Faso,2,N,1,1,256,176,0.6875,256,143,0.55859375,New,,,Children&Adults,,,,
,West Africa,Burkina Faso,2,N,1,1,267,105,0.393258427,267,79,0.29588015,New,,,Children&Adults,,,,
,West Africa,Burkina Faso,2,N,1,1,219,161,0.735159817,219,108,0.49315068,New,,,Children&Adults,,,,
,West Africa,Burkina Faso,2,N,1,1,261,90,0.344827586,261,85,0.3256705,New,,,Children&Adults,,,,
,West Africa,Burkina Faso,2,N,1,1,877,602,0.686431015,877,486,0.55416192,New,,,Children&Adults,,,,
,West Africa,Burkina Faso,2,N,1,1,890,337,0.378651685,890,273,0.30674157,New,,,Children&Adults,,,,
Elbadry,South America,Haiti,2,Y,,,108,3,0.027777778,108,0,0,New,15+,15+,Adults,,,,
,South America,Haiti,2,Y,,,122,6,0.049180328,122,0,0,New,15+,15+,Adults,,,,
,South America,Haiti,2,N,,,194,79,0.407216495,194,14,0.07216495,New,15+,15+,Adults,,,,
,South America,Haiti,2,N,,,39,10,0.256410256,39,1,0.02564103,New,15+,15+,Adults,,,,
,South America,Haiti,2,Y,,,63,2,0.031746032,63,0,0,New,15+,15+,Adults,,,,
,South America,Haiti,2,N,,,37,8,0.216216216,37,2,0.05405405,New,15+,15+,Adults,,,,
,South America,Haiti,2,N,,,563,108,0.191829485,563,17,0.03019538,New,15+,15+,Adults,,,,
Ganguly,Asia,India,2,N,,,224,27,0.120535714,224,25,0.11160714,New,,,,,dry,end of dry season,
,Asia,India,2,N,,,275,24,0.087272727,275,16,0.05818182,New,,,,,dry,,
,Asia,India,2,N,,,225,25,0.111111111,225,23,0.10222222,New,,,,,dry,,
,Asia,India,2,N,,,239,2,0.008368201,239,2,0.0083682,New,,,,,dry,,
,Asia,India,2,N,,,963,78,0.080996885,963,66,0.06853583,New,,,,,dry,,
Mara,West Africa,Ivory Coast,2,N,1,1,292,241,0.825342466,292,230,0.78767123,New,0-15,5-15years,7-15 year old children,,,,
Koukouikila-Koussounda,West Africa,Republic of Congo,2,N,0,1,137,12,0.087591241,137,5,0.03649635,New,0-15,0-5,1-3years,,,,
,West Africa,Republic of Congo,2,N,0,1,96,18,0.1875,96,11,0.11458333,New,0-15,,4-6years,,,,
,West Africa,Republic of Congo,2,N,0,1,80,21,0.2625,80,11,0.1375,New,0-15,5-15years,7-10years,,,,
Cook,Asia,Republic of Yemen,2,N,,,2181,430,0.197157267,2220,237,0.10675676,New,0-15,,,,,,
Waltmann,Oceania,Solomon Islands,2,N,,,3501,5,0.001428163,3501,4,0.00114253,New,0-15,0-5,1-3years,,rainy,,
Rosas-Aguirre,South America,Peru,2,N,,,651,35,0.053763441,651,10,0.01536098,New,,,0-7 and randomly selected individuals > 7 years old,,rainy,,
Koepfli,Asia,Papua New Guinea,2,N,,,1019,283,0.277723258,1019,195,0.19136408,New,0-15,0-5,1-3years,,,,
Proietti,East Africa,Uganda,2,N,1,1,240,130,0.541666667,249,105,0.42168675,New,0-15,0-5,0-5,,,,
,East Africa,Uganda,2,N,1,1,122,103,0.844262295,126,74,0.58730159,New,0-15,5-15years,6-10years,,,,
,East Africa,Uganda,2,N,1,1,128,48,0.375,134,15,0.1119403,New,15+,15+,20+,,,,
Ngane,West Africa,Angola,2,N,0,1,386,80,0.207253886,386,61,0.15803109,New,0-15,,0-15,,,,
Lo,East Africa,Kenya,2,N,0,1,201,130,0.646766169,201,117,0.58208955,New,0-18,3-18years,3-18years,CHECK HOW MANY 18 YEAR OLDS ON AVERAGE- CAN I INCLUDE THEM WITH KIDS?,,,
,East Africa,Kenya,2,N,,,201,28,0.139303483,201,4,0.0199005,New,0-18,3-18years,3-18years,,,,
,East Africa,Kenya,2,N,0,0,250,7,0.028,250,1,0.004,New,0-18,3-18years,3-18years,,,,
,East Africa,Kenya,2,N,0,1,234,91,0.388888889,234,34,0.14529915,New,0-18,3-18years,3-18years,,,,
,East Africa,Kenya,2,N,0,0,213,116,0.544600939,216,84,0.38888889,New,0-18,3-18years,3-18years,,,,
,East Africa,Kenya,2,N,0,0,200,41,0.205,202,8,0.03960396,New,0-18,3-18years,3-18years,,,,
,East Africa,Kenya,2,N,0,1,189,65,0.343915344,190,45,0.23684211,New,0-18,3-18years,3-18years,,,,
,East Africa,Kenya,2,N,,,209,85,0.406698565,208,29,0.13942308,New,0-18,3-18years,3-18years,,,,
,East Africa,Kenya,2,N,,,322,15,0.046583851,357,8,0.02240896,New,0-18,3-18years,3-18years,,,,
,East Africa,Kenya,2,N,0,1,300,16,0.053333333,300,14,0.04666667,New,0-18,3-18years,3-18years,,,,
,East Africa,Kenya,2,N,,,222,109,0.490990991,221,43,0.19457014,New,0-18,3-18years,3-18years,,,,
,East Africa,Kenya,2,N,,,161,35,0.217391304,205,7,0.03414634,New,0-18,3-18years,3-18years,,,,
,East Africa,Kenya,2,N,0,1,181,46,0.254143646,179,36,0.20111732,New,0-18,3-18years,3-18years,,,,
,East Africa,Kenya,2,N,,,401,21,0.052369077,401,10,0.02493766,New,0-18,3-18years,3-18years,,,,
,East Africa,Kenya,2,N,0,1,217,82,0.377880184,215,67,0.31162791,New,0-18,3-18years,3-18years,,,,
,East Africa,Kenya,2,N,0,0,369,32,0.086720867,460,14,0.03043478,New,0-18,3-18years,3-18years,,,,
,East Africa,Kenya,2,N,0,1,244,21,0.086065574,251,27,0.10756972,New,0-18,3-18years,3-18years,,,,
,East Africa,Kenya,2,N,0,0,197,8,0.040609137,188,7,0.03723404,New,0-18,3-18years,3-18years,,,,
,East Africa,Kenya,2,N,0,1,250,9,0.036,250,1,0.004,New,0-18,3-18years,3-18years,,,,
,East Africa,Kenya,2,N,0,0,204,4,0.019607843,204,1,0.00490196,New,0-18,3-18years,3-18years,,,,
,East Africa,Kenya,2,N,0,0,382,16,0.041884817,378,3,0.00793651,New,0-18,3-18years,3-18years,,,,
,East Africa,Kenya,2,N,,,217,45,0.207373272,217,48,0.22119816,New,0-18,3-18years,3-18years,,,,
,East Africa,Kenya,2,N,0,1,237,27,0.113924051,245,4,0.01632653,New,0-18,3-18years,3-18years,,,,
,East Africa,Kenya,2,N,,,230,78,0.339130435,230,3,0.01304348,New,0-18,3-18years,3-18years,,,,
,East Africa,Kenya,2,N,,,227,28,0.123348018,229,3,0.01310044,New,0-18,3-18years,3-18years,,,,
,East Africa,Kenya,2,N,0,1,225,39,0.173333333,226,20,0.08849558,New,0-18,3-18years,3-18years,,,,
,East Africa,Kenya,2,N,,,218,73,0.334862385,218,9,0.0412844,New,0-18,3-18years,3-18years,,,,
,East Africa,Kenya,2,N,0,1,135,60,0.444444444,58,5,0.0862069,New,0-18,3-18years,3-18years,,,,
,East Africa,Kenya,2,N,0,1,398,142,0.35678392,398,134,0.33668342,New,0-18,3-18years,3-18years,,,,
,East Africa,Kenya,2,N,,,206,45,0.218446602,207,8,0.03864734,New,0-18,3-18years,3-18years,,,,
,East Africa,Kenya,2,N,0,1,226,100,0.442477876,226,40,0.17699115,New,0-18,3-18years,3-18years,,,,
,East Africa,Kenya,2,N,0,1,247,2,0.008097166,250,2,0.008,New,0-18,3-18years,3-18years,,,,
,East Africa,Kenya,2,N,0,1,237,55,0.232067511,237,51,0.21518987,New,0-18,3-18years,3-18years,,,,
,East Africa,Kenya,2,N,0,1,189,17,0.08994709,201,2,0.00995025,New,0-18,3-18years,3-18years,,,,
,East Africa,Kenya,2,N,,,593,167,0.281618887,593,163,0.27487352,New,0-18,3-18years,3-18years,,,,
,East Africa,Kenya,2,N,,,211,75,0.355450237,219,71,0.32420091,New,0-18,3-18years,3-18years,,,,
,East Africa,Kenya,2,N,0,0,267,17,0.063670412,285,8,0.02807018,New,0-18,3-18years,3-18years,,,,
,East Africa,Kenya,2,N,0,1,221,58,0.262443439,221,59,0.26696833,New,0-18,3-18years,3-18years,,,,
,East Africa,Kenya,2,N,,,223,112,0.502242152,224,8,0.03571429,New,0-18,3-18years,3-18years,,,,
,East Africa,Kenya,2,N,,,133,22,0.165413534,133,16,0.12030075,New,0-18,3-18years,3-18years,,,,
,East Africa,Kenya,2,N,0,1,254,104,0.409448819,254,83,0.32677165,New,0-18,3-18years,3-18years,,,,
,East Africa,Kenya,2,N,,,210,59,0.280952381,210,66,0.31428571,New,0-18,3-18years,3-18years,,,,
,East Africa,Kenya,2,N,0,0,195,29,0.148717949,198,1,0.00505051,New,0-18,3-18years,3-18years,,,,
,East Africa,Kenya,2,N,,,416,17,0.040865385,416,1,0.00240385,New,0-18,3-18years,3-18years,,,,
,East Africa,Kenya,2,N,0,1,205,61,0.297560976,205,62,0.30243902,New,0-18,3-18years,3-18years,,,,
Saenz,South America,Ecuador,2,Y,,,648,4,0.00617284,648,0,0,New,,,Children&Adults,,,,
Sumari,East Africa,Tanzania,2,N,0,1,200,115,0.575,200,16,0.08,New,0-15,5-15years,6-14years,,rainy,"""high season""",
Parker,Asia,Thailand,2,N,,,547,20,0.036563071,547,2,0.003656307,New,,,,,,,
Baum,Asia,Thailand,2,Y,,,219,8,0.03652968,219,0,0,New,,,Children&Adults,,dry,spanned end of dry and start of rainy,
Tadesse,East Africa,Ethiopia,2,Y,0,0,257,15,0.058365759,257,0,0,New,,,Children&Adults,,dry,,
,East Africa,Ethiopia,2,Y,0,0,298,14,0.046979866,298,0,0,New,,,Children&Adults,,,,
,East Africa,Ethiopia,2,Y,0,0,555,29,0.052252252,555,0,0,New,,,Children&Adults,,,,
Daou,West Africa,Mali,2,N,1,1,98,77,0.785714286,98,27,0.2755102,New,,,,,dry,beginning of high season,
,West Africa,Mali,2,N,1,1,94,41,0.436170213,99,20,0.2020202,New,,,,,rainy,midway through high season,
Amoah (15:388),West Africa,Ghana,2,N,1,1,170,85,0.5,170,49,0.28823529,New,0-15,5-15years,5-12years,,,,
,West Africa,Ghana,2,N,1,1,170,50,0.294117647,170,38,0.22352941,New,0-15,5-15years,5-12years,,,,
,West Africa,Ghana,2,N,1,1,170,65,0.382352941,170,44,0.25882353,New,0-15,5-15years,5-12years,,,,
,West Africa,Ghana,2,N,1,1,170,66,0.388235294,170,10,0.05882353,New,0-15,5-15years,5-12years,,,,
Amoah (15:101),West Africa,Ghana,2,N,0,1,291,205,0.704467354,291,120,0.41237113,New,0-18,5-18years,12-17years,,,,
,West Africa,Ghana,2,N,1,1,267,110,0.411985019,267,2,0.00749064,New,0-18,5-18years,12-17years,,,,
Dinko,West Africa,Ghana,2,N,1,1,270,207,0.766666667,270,165,0.61111111,New,0-18,5-18years,5-17years,,rainy,end or rainy into beg dry,
Fancony,West Africa,Angola,2,N,,,3307,525,0.158754158,3307,525,0.15875416,New,,,Children&Adults,,rainy,end or rainy into beg dry,
Li,Asia,Myanmar,2,N,,,638,4,0.006269592,638,3,0.004702194,New,,,,,,,
,Asia,Thailand,2,N,,,1070,17,0.01588785,1070,1,0.000934579,New,,,,,,,
Congpuong,Asia,Thailand,2,Y,,,475,4,0.008421053,475,0,0,New,,,Children&Adults,,,,
Lek,Asia,Cambodia,2,N,,,7707,340,0.044115739,7707,143,0.01855456,New,,,Children&Adults,,rainy,,
Cistero,East Africa,Mozambique,2,N,0,1,95,63,0.663157895,95,51,0.53684211,New,,,Children&Adults,,rainy,,
Tiedje,West Africa,Ghana,2,N,1,1,545,369,0.67706422,901,356,0.39511654,New,,,Children&Adults,,rainy,,
,West Africa,Ghana,2,N,1,1,547,444,0.811700183,999,452,0.45245245,New,,,Children&Adults,,rainy,,
,West Africa,Ghana,2,N,1,1,655,271,0.413740458,910,255,0.28021978,New,,,Children&Adults,,dry,,
,West Africa,Ghana,2,N,1,1,700,304,0.434285714,958,258,0.26931106,New,,,Children&Adults,,dry,,
Tadesse,East Africa,Ethiopia,2,N,0,0,490,45,0.091836735,490,16,0.03265306,New,,,Children&Adults,,rainy,,
Goncalves,West Africa,Burkina Faso,2,N,1,1,198,100,0.505050505,197,51,0.25888325,New,,,Children&Adults,,,,
,West Africa,Burkina Faso,2,N,1,1,198,166,0.838383838,199,104,0.52261307,New,,,Children&Adults,,,,
,East Africa,Kenya,2,N,0,1,139,52,0.374100719,139,9,0.0647482,New,,,Children&Adults,,,,
,East Africa,Kenya,2,N,0,1,274,105,0.383211679,274,47,0.17153285,New,,,Children&Adults,,,,
Walldorf,East Africa,Malawi,2,N,1,1,161,7,0.043478261,157,5,0.03184713,New,0-15,0-5,0-5,,rainy,,
,East Africa,Malawi,2,N,1,1,177,6,0.033898305,176,3,0.01704545,New,0-15,0-5,0-5,,dry,,
,East Africa,Malawi,2,N,0,1,184,11,0.059782609,184,9,0.04891304,New,0-15,0-5,0-5,,rainy,,
,East Africa,Malawi,2,N,0,1,152,2,0.013157895,152,3,0.01973684,New,0-15,0-5,0-5,,dry,,
,East Africa,Malawi,2,N,0,1,170,8,0.047058824,170,1,0.00588235,New,0-15,0-5,0-5,,rainy,,
,East Africa,Malawi,2,N,0,1,192,10,0.052083333,196,12,0.06122449,New,0-15,0-5,0-5,,dry,,
,East Africa,Malawi,2,N,1,1,185,23,0.124324324,182,15,0.08241758,New,0-15,5-15years,5-15years,,rainy,,
,East Africa,Malawi,2,N,1,1,250,22,0.088,250,8,0.032,New,0-15,5-15years,5-15years,,dry,,
,East Africa,Malawi,2,N,0,1,328,42,0.12804878,328,36,0.1097561,New,0-15,5-15years,5-15years,,rainy,,
,East Africa,Malawi,2,N,0,1,325,24,0.073846154,326,14,0.04294479,New,0-15,5-15years,5-15years,,dry,,
,East Africa,Malawi,2,N,0,1,382,41,0.107329843,381,24,0.06299213,New,0-15,5-15years,5-15years,,rainy,,
,East Africa,Malawi,2,N,0,1,413,27,0.065375303,422,13,0.03080569,New,0-15,5-15years,5-15years,,dry,,
,East Africa,Malawi,2,N,1,1,362,27,0.074585635,353,6,0.01699717,New,0-15,15+,15+,,rainy,,
,East Africa,Malawi,2,N,1,1,419,15,0.035799523,417,4,0.00959233,New,0-15,15+,15+,,dry,,
,East Africa,Malawi,2,N,0,1,433,33,0.076212471,434,19,0.0437788,New,0-15,15+,15+,,rainy,,
,East Africa,Malawi,2,N,0,1,445,36,0.080898876,445,13,0.02921348,New,0-15,15+,15+,,rainy,,
,East Africa,Malawi,2,N,0,1,436,17,0.038990826,444,6,0.01351351,New,0-15,15+,15+,,dry,,
,East Africa,Malawi,2,N,1,1,183,37,0.202185792,177,27,0.15254237,New,0-15,0-5,0-5,,rainy,,
,East Africa,Malawi,2,N,1,1,192,26,0.135416667,190,20,0.10526316,New,0-15,0-5,0-5,,dry,,
,East Africa,Malawi,2,N,0,1,219,47,0.214611872,219,36,0.16438356,New,0-15,0-5,0-5,,rainy,,
,East Africa,Malawi,2,N,0,1,229,22,0.096069869,229,23,0.10043668,New,0-15,0-5,0-5,,dry,,
,East Africa,Malawi,2,N,0,1,221,69,0.312217195,221,43,0.19457014,New,0-15,0-5,0-5,,rainy,,
,East Africa,Malawi,2,N,0,1,220,35,0.159090909,220,29,0.13181818,New,0-15,0-5,0-5,,dry,,
,East Africa,Malawi,2,N,1,1,298,114,0.382550336,283,79,0.27915194,New,0-15,5-15years,5-15years,,rainy,,
,East Africa,Malawi,2,N,1,1,372,117,0.314516129,349,60,0.17191977,New,0-15,5-15years,5-15years,,dry,,
,East Africa,Malawi,2,N,0,1,400,178,0.445,401,141,0.35162095,New,0-15,5-15years,5-15years,,rainy,,
,East Africa,Malawi,2,N,0,1,372,106,0.284946237,372,76,0.20430108,New,0-15,5-15years,5-15years,,dry,,
,East Africa,Malawi,2,N,0,1,369,159,0.430894309,368,133,0.36141304,New,0-15,5-15years,5-15years,,rainy,,
,East Africa,Malawi,2,N,0,1,427,129,0.302107728,427,85,0.19906323,New,0-15,5-15years,5-15years,,dry,,
,East Africa,Malawi,2,N,1,1,406,79,0.194581281,395,35,0.08860759,New,0-15,15+,15+,,rainy,,
,East Africa,Malawi,2,N,1,1,464,68,0.146551724,461,22,0.04772234,New,0-15,15+,15+,,dry,,
,East Africa,Malawi,2,N,0,1,486,112,0.230452675,486,63,0.12962963,New,0-15,15+,15+,,rainy,,
,East Africa,Malawi,2,N,0,1,455,71,0.156043956,480,33,0.06875,New,0-15,15+,15+,,dry,,
,East Africa,Malawi,2,N,0,1,453,133,0.293598234,451,70,0.15521064,New,0-15,15+,15+,,rainy,,
,East Africa,Malawi,2,N,0,1,478,76,0.158995816,479,25,0.05219207,New,0-15,15+,15+,,dry,,
,East Africa,Malawi,2,N,1,1,163,11,0.067484663,159,14,0.08805031,New,0-15,0-5,0-5,,rainy,,
,East Africa,Malawi,2,N,1,1,189,9,0.047619048,188,9,0.04787234,New,0-15,0-5,0-5,,dry,,
,East Africa,Malawi,2,N,0,1,187,19,0.101604278,189,16,0.08465608,New,0-15,0-5,0-5,,rainy,,
,East Africa,Malawi,2,N,0,1,169,7,0.041420118,169,2,0.01183432,New,0-15,0-5,0-5,,dry,,
,East Africa,Malawi,2,N,0,1,161,17,0.105590062,161,11,0.06832298,New,0-15,0-5,0-5,,rainy,,
,East Africa,Malawi,2,N,0,1,167,11,0.065868263,167,6,0.03592814,New,0-15,0-5,0-5,,dry,,
,East Africa,Malawi,2,N,1,1,215,63,0.293023256,207,44,0.21256039,New,0-15,5-15years,5-15years,,rainy,,
,East Africa,Malawi,2,N,1,1,306,63,0.205882353,302,28,0.09271523,New,0-15,5-15years,5-15years,,dry,,
,East Africa,Malawi,2,N,0,1,375,93,0.248,385,69,0.17922078,New,0-15,5-15years,5-15years,,rainy,,
,East Africa,Malawi,2,N,0,1,369,54,0.146341463,369,29,0.07859079,New,0-15,5-15years,5-15years,,dry,,
,East Africa,Malawi,2,N,0,1,355,68,0.191549296,355,40,0.11267606,New,0-15,5-15years,5-15years,,rainy,,
,East Africa,Malawi,2,N,0,1,420,64,0.152380952,420,39,0.09285714,New,0-15,5-15years,5-15years,,dry,,
,East Africa,Malawi,2,N,1,1,398,44,0.110552764,388,30,0.07731959,New,0-15,15+,15+,,rainy,,
,East Africa,Malawi,2,N,1,1,472,27,0.05720339,468,10,0.02136752,New,0-15,15+,15+,,dry,,
,East Africa,Malawi,2,N,0,1,465,43,0.092473118,479,21,0.04384134,New,0-15,15+,15+,,rainy,,
,East Africa,Malawi,2,N,0,1,455,15,0.032967033,454,4,0.00881057,New,0-15,15+,15+,,dry,,
,East Africa,Malawi,2,N,0,1,444,64,0.144144144,444,35,0.07882883,New,0-15,15+,15+,,rainy,,
,East Africa,Malawi,2,N,0,1,443,29,0.065462754,443,12,0.02708804,New,0-15,15+,15+,,dry,,
Vafa (2007),West Africa,Mali,2,N,1,1,212,85,0.400943396,212,34,0.16037736,Old,,,children & adults,,,,Mopti
Vafa (2007),West Africa,Mali,2,N,1,1,214,66,0.308411215,214,32,0.14953271,Old,,,children & adults,,,,Mopti
Roper (1996),East Africa,Sudan,2,N,0,0,79,10,0.126582278,79,2,0.02531646,Old,,,children & adults,,,,Gadaref
Roper (1996),East Africa,Sudan,2,N,0,0,79,15,0.189873418,79,4,0.05063291,Old,,,children & adults,,,,Gadaref
Roper (1996),East Africa,Sudan,2,N,0,0,79,19,0.240506329,79,8,0.10126582,Old,,,children & adults,,,,Gadaref
Roper (1996),East Africa,Sudan,2,Y,0,0,73,14,0.191780822,73,0,0,Old,,,children & adults,,,,Gadaref
John (2005),East Africa,Kenya,1,N,1,1,123,13,0.105691057,123,10,0.08130081,Old,,,children & adults,,,,Nyanza
John (2005),East Africa,Kenya,1,N,1,1,267,25,0.093632959,267,17,0.06367041,Old,,,children & adults,,,,Nyanza
John (2005),East Africa,Kenya,1,N,1,1,273,16,0.058608059,273,8,0.02930403,Old,,,children & adults,,,,Nyanza
John (2005),East Africa,Kenya,1,N,1,1,152,9,0.059210526,152,2,0.01315789,Old,,,children & adults,,,,Nyanza
John (2005),East Africa,Kenya,1,N,1,1,228,33,0.144736842,228,18,0.07894737,Old,,,children & adults,,,,Nyanza
John (2005),East Africa,Kenya,0,N,1,1,48,4,0.083333333,48,1,0.020833333,Old,0-15,0-5,0-5years,,,,AGE DISAGGREGATED- NOT SURE WHETHER TO INCLUDE THIS AS WELL AS THE NON AGE-DISAGGREGATED DATA ABOVE FROM SAME PAPER
John (2005),East Africa,Kenya,0,N,1,1,54,9,0.166666667,54,4,0.074074074,Old,0-15,0-5,0-5years,,,,
John (2005),East Africa,Kenya,0,N,1,1,71,3,0.042253521,71,2,0.028169014,Old,0-15,5-15years,5-15years,,,,
John (2005),East Africa,Kenya,0,N,1,1,63,9,0.142857143,63,9,0.142857143,Old,0-15,5-15years,5-15years,,,,
John (2005),East Africa,Kenya,0,N,1,1,154,9,0.058441558,154,4,0.025974026,Old,15+,15+,15+,,,,
John (2005),East Africa,Kenya,0,N,1,1,111,15,0.135135135,111,5,0.045045045,Old,15+,15+,15+,,,,
Ofulla (2005),East Africa,Kenya,1,,1,1,301,251,0.833887043,301,220,0.73089701,Old,,,children & adults,,,,
Ofulla (2005),East Africa,Kenya,0,N,1,1,53,47,0.886792453,53,46,0.867924528,Old,0-15,0-5,0-5,,,,
Ofulla (2005),East Africa,Kenya,0,N,1,1,90,86,0.955555556,90,82,0.911111111,Old,0-15,5-15years,5-15years,,,,
Ofulla (2005),East Africa,Kenya,0,N,1,1,158,118,0.746835443,158,92,0.582278481,Old,15+,15+,15+,,,,Nyanza
Stich (2006),West Africa,Burkina Faso,2,N,1,1,201,185,0.92039801,201,162,0.80597015,Old,,,children & adults,,,,Boucle Du Mouhoun
Alves (2002),South America,Brazil,1,N,,,164,16,0.097560976,175,4,0.02285714,Old,,,children & adults,,,,
Alves (2002),South America,Brazil,1,N,,,142,25,0.176056338,142,2,0.01408451,Old,,,children & adults,,,,
Alves (2002),South America,Brazil,1,Y,,,125,2,0.016,125,0,0,Old,,,children & adults,,,,
Alves (2002),South America,Brazil,1,N,,,128,58,0.453125,172,10,0.05813953,Old,,,children & adults,,,,
Alves (2002),South America,Brazil,0,N,,,63,1,0.453125,63,0,0.05813953,Old,0-15,0-5,0-5,,,,
Alves (2002),South America,Brazil,0,N,,,137,7,0.453125,137,0,0.05813953,Old,15+,15+,15+,,,,
Muller (2001),West Africa,Sao Tome & Principe,2,N,,,491,321,0.653767821,491,194,0.39511202,Old,,,children & adults,,,,
Alves (2006),West Africa,Republic of Cabo Verde,2,Y,,,338,3,0.00887574,338,0,0,Old,,,children & adults,,,,
Alves (2006),West Africa,Republic of Cabo Verde,2,Y,,,261,10,0.038314176,261,0,0,Old,,,children & adults,,,,
Cortes (2004),Oceania,Papua New Guinea,1,N,,,628,330,0.525477707,628,175,0.27866242,Old,,,children & adults,,,,
Cortes (2004),Oceania,Papua New Guinea,0,N,,,51,21,0.525477707,51,15,0.27866242,Old,0-15,0-5,0-5,,,,
Cortes (2004),Oceania,Papua New Guinea,0,N,,,258,119,0.525477707,258,48,0.27866242,Old,15+,15+,15+,,,,
Roshanravan (2003),South America,Peru,2,N,,,819,28,0.034188034,819,12,0.01465201,Old,,,children & adults,,,,
Zwetyenga  (1998),West Africa,Senegal,1,N,1,1,143,110,0.769230769,143,52,0.36363636,Old,,,children & adults,,,,Fatick
Zwetyenga  (1998),West Africa,Senegal,0,N,1,1,36,24,0.666666667,36,12,0.333333333,Old,0-15,0-5,0-5,,,,
Zwetyenga  (1998),West Africa,Senegal,0,N,1,1,41,27,0.658536585,41,17,0.414634146,Old,15+,15+,15+,,,,
Toma (2001),Asia,Lao PDR,2,N,,,143,77,0.538461538,143,46,0.32167832,Old,,,children & adults,,,,
Toma (2001),Asia,Lao PDR,2,N,,,193,20,0.103626943,193,7,0.03626943,Old,,,children & adults,,,,
Mehlotra  (2002),Oceania,Papua New Guinea,2,N,,,340,179,0.526470588,1759,352,0.2001137,Old,,,children & adults,,,,
Mehlotra (2002),Oceania,Papua New Guinea,2,N,,,330,195,0.590909091,972,217,0.22325103,Old,,,children & adults,,,,
Owusu-Agyei (2002),West Africa,Ghana,1,N,1,1,308,252,0.818181818,308,217,0.70454545,Old,,,children & adults,,,,Upper East Region
Owusu-Agyei (2002),West Africa,Ghana,0,N,1,1,99,80,0.808080808,99,74,0.747474747,Old,0-15,0-5,0-5,,,,
Owusu-Agyei (2002),West Africa,Ghana,0,N,1,1,119,86,0.722689076,119,70,0.588235294,Old,15+,15+,15+,,,,
Felger (1995),Oceania,Papua New Guinea,2,N,,,304,144,0.473684211,304,75,0.24671053,Old,,,children & adults,,,,
Snounou (1993),West Africa,Guinea Bissau,2,N,1,1,110,90,0.818181818,110,28,0.25454545,Old,,,children & adults,,,,Biombo/Bissau
Snounou (1993),West Africa,Guinea Bissau,2,N,1,1,79,69,0.873417722,79,38,0.48101266,Old,,,children & adults,,,,Biombo/Bissau
Ntoumi (1995),West Africa,Senegal,2,N,1,1,65,50,0.769230769,65,50,0.76923077,Old,,,children & adults,,,,Fatick
Marques (2005),East Africa,Mozambique,2,N,1,1,70,50,0.714285714,70,43,0.61428571,Old,,,children & adults,,,,Maputo
Marques (2005),East Africa,Mozambique,2,N,1,1,70,55,0.785714286,70,43,0.61428571,Old,,,children & adults,,,,Maputo
Marques (2005),East Africa,Mozambique,2,N,1,1,81,73,0.901234568,81,53,0.65432099,Old,,,children & adults,,,,Maputo
Marques (2005),East Africa,Mozambique,2,N,1,1,87,79,0.908045977,87,66,0.75862069,Old,,,children & adults,,,,Maputo
Khaminsou (2007),Asia,Lao PDR,2,N,,,130,18,0.138461538,130,12,0.09230769,Old,,,children & adults,,,,
Khaminsou (2007),Asia,Lao PDR,2,N,,,130,32,0.246153846,130,22,0.16923077,Old,,,children & adults,,,,
Nsobya (2004),East Africa,Uganda,2,N,1,1,316,114,0.360759494,316,55,0.17405063,Old,0-15,,children only,,,,Kampala
Touré (2006),West Africa,Gabon,2,N,1,1,278,58,0.208633094,278,20,0.07194245,Old,15+,,adults only,,,,Ogooue-lolo
Guerra-Neira (2006),West Africa,Equatorial Guinea,2,N,1,1,36,24,0.666666667,36,18,0.5,Old,0-15,,children only,,,,"Bioko Norte- weird collection of 0s in the MAP data, have done 1 and 1 but could be 0 and 1."
Guerra-Neira (2006),West Africa,Equatorial Guinea,2,N,1,1,35,22,0.628571429,35,14,0.4,Old,0-15,,children only,,,,"Bioko Norte- weird collection of 0s in the MAP data, have done 1 and 1 but could be 0 and 1."
Guerra-Neira (2006),West Africa,Equatorial Guinea,2,N,1,1,81,50,0.617283951,81,40,0.49382716,Old,0-15,,children only,,,,"Bioko Sur- weird collection of 0s in the MAP data, have done 1 and 1 but could be 0 and 1."
Silue (2006),West Africa,Cote d'Ivoire,2,N,1,1,424,356,0.839622642,424,232,0.54716981,Old,0-15,,children only,,,,Lagunes
Kobbe (2006),West Africa,Ghana,2,N,1,1,962,175,0.181912682,1069,158,0.14780168,Old,0-15,,children only,,,,Ashanti
Paganotti (2006),West Africa,Burkina Faso,2,N,,,92,89,0.967391304,92,76,0.82608696,Old,0-15,,children only,,,,Est
Paganotti (2006),West Africa,Burkina Faso,2,N,,,58,56,0.965517241,58,51,0.87931034,Old,0-15,,children only,,,,Est
Mayor (2003),East Africa,Mozambique,2,N,1,1,178,76,0.426966292,249,34,0.13654618,Old,15+,,adults only,,,,Maputo
Mayor (2003),East Africa,Mozambique,2,N,1,1,310,135,0.435483871,625,154,0.2464,Old,0-15,,children only,,,,Maputo
Vafa (2008),West Africa,Senegal,2,N,1,1,372,164,0.440860215,372,130,0.34946237,Old,0-15,,children only,,,,Fatick
Vafa (2008),West Africa,Senegal,2,N,1,1,372,190,0.510752688,372,130,0.34946237,Old,0-15,,children only,,,,Fatick
Wataya (1993),Oceania,Solomon Islands,2,N,,,98,8,0.081632653,98,8,0.08163265,Old,,,children & adults,,,,
Dal-Bianco (2007),West Africa,Gabon,2,N,0,1,470,244,0.519148936,493,57,0.11561866,Old,15+,,adults only,,,,Moyen-Ogooué
Peyerl-Hoffman (2001),West Africa,Uganda,2,N,1,1,406,225,0.554187192,406,140,0.34482759,Old,,,children & adults,,,,Tororo
Cerutti (2007),South America,Brazil,2,Y,,,1527,10,0.006548788,1777,0.00E+00,0,Old,,,children & adults,,,,
Dent (2007),West Africa,Kenya,2,N,1,1,201,141,0.701492537,201,117,0.58208955,Old,,,children & adults,,,,Nyanza
Mueller (2009),Oceania,Papua New Guinea,1,N,,,203,71,0.349753695,203,45,0.22167488,Old,,,children & adults,,,,
Mueller (2009),Oceania,Papua New Guinea,1,N,,,153,76,0.496732026,153,45,0.29411765,Old,,,children & adults,,,,
Mueller (2009),Oceania,Papua New Guinea,1,N,,,133,65,0.488721805,133,41,0.30827068,Old,,,children & adults,,,,
Mueller (2009),Oceania,Papua New Guinea,1,N,,,145,72,0.496551724,145,31,0.2137931,Old,,,children & adults,,,,
Mueller (2009),Oceania,Papua New Guinea,1,N,,,172,101,0.587209302,172,58,0.3372093,Old,,,children & adults,,,,
Mueller (2009),Oceania,Papua New Guinea,1,N,,,174,91,0.522988506,174,57,0.32758621,Old,,,children & adults,,,,
Mueller (2009),Oceania,Papua New Guinea,1,N,,,163,82,0.503067485,163,38,0.23312883,Old,,,children & adults,,,,
Mueller (2009),Oceania,Papua New Guinea,1,N,,,174,102,0.586206897,174,49,0.2816092,Old,,,children & adults,,,,
Mueller (2009),Oceania,Papua New Guinea,1,N,,,184,88,0.47826087,184,61,0.33152174,Old,,,children & adults,,,,
Mueller (2009),Oceania,Papua New Guinea,1,N,,,166,101,0.608433735,166,48,0.28915663,Old,,,children & adults,,,,
Mueller (2009),Oceania,Papua New Guinea,1,N,,,174,95,0.545977011,174,57,0.32758621,Old,,,children & adults,,,,
Mueller (2009),Oceania,Papua New Guinea,1,N,,,175,117,0.668571429,175,75,0.42857143,Old,,,children & adults,,,,
Mueller (2009),Oceania,Papua New Guinea,1,N,,,188,148,0.787234043,188,85,0.45212766,Old,,,children & adults,,,,
Mueller (2009),Oceania,Papua New Guinea,1,N,,,148,83,0.560810811,148,23,0.15540541,Old,,,children & adults,,,,
Mueller (2009),Oceania,Papua New Guinea,1,N,,,175,95,0.542857143,175,43,0.24571429,Old,,,children & adults,,,,
Mueller (2009),Oceania,Papua New Guinea,0,N,,,426,135,0.316901408,426,73,0.171361502,Old,0-15,0-5,0-5,,,,
Mueller (2009),Oceania,Papua New Guinea,0,N,,,237,170,0.717299578,237,107,0.451476793,Old,0-15,5-15years,5-15years,,,,
Mueller (2009),Oceania,Papua New Guinea,0,N,,,937,559,0.596584845,937,202,0.215581644,Old,15+,15+,15+,,,,
Andrade (2009),South America,Brazil,2,N,,,233,8,0.034334764,275,4,0.01454545,Old,,,children & adults,,,,
Andrade (2009),South America,Brazil,2,N,,,277,20,0.072202166,286,2,0.00699301,Old,,,children & adults,,,,
Andrade (2009),South America,Brazil,2,N,,,47,5,0.106382979,47,1,0.0212766,Old,,,children & adults,,,,
Andrade (2009),South America,Brazil,2,N,,,320,11,0.034375,321,4,0.01246106,Old,,,children & adults,,,,
Andrade (2009),South America,Brazil,2,Y,,,165,1,0.006060606,166,0,0,Old,,,children & adults,,,,
Rosanas-Urgell (2010),Oceania,Papua New Guinea,2,N,,,452,198,0.438053097,452,115,0.25442478,Old,0-15,,children only,,,,
Satoguina (2009),West Africa,Gambia,1,N,0,1,841,219,0.260404281,934,97,0.10385439,Old,,,children & adults,,,,Upper River
Satoguina (2009),West Africa,Gambia,1,N,0,1,689,185,0.26850508,729,82,0.11248285,Old,,,children & adults,,,,North Bank Division
Satoguina (2009),West Africa,Guinea Bissau,1,N,0,1,818,194,0.237163814,834,33,0.03956835,Old,,,children & adults,,,,Cacheu
Satoguina (2009),West Africa,Gambia,0,N,0,1,510,101,0.198039216,510,44,0.08627451,Old,0-15,0-5,0-5,,,,
Satoguina (2009),West Africa,Gambia,0,N,0,1,881,265,0.300794552,881,117,0.132803632,Old,0-15,5-15years,5-15years,,,,
Satoguina (2009),West Africa,Guinea Bissau,0,N,0,1,1188,294,0.247474747,1188,74,0.062289562,Old,15+,15+,15+,,,,
Lin (2010),Oceania,Papua New Guinea,2,N,,,264,131,0.496212121,264,86,0.32575758,Old,0-15,,children only,,,,
Steenkeste (2010),Asia,Cambodia,1,N,,,204,136,0.666666667,204,75,0.36764706,Old,,,children & adults,,,,
Steenkeste (2010),Asia,Cambodia,1,N,,,205,115,0.56097561,205,68,0.33170732,Old,,,children & adults,,,,
Steenkeste (2010),Asia,Cambodia,1,N,,,209,126,0.602870813,209,48,0.22966507,Old,,,children & adults,,,,
Steenkeste (2010),Asia,Cambodia,1,N,,,202,119,0.589108911,202,53,0.26237624,Old,,,children & adults,,,,
Steenkeste (2010),Asia,Cambodia,1,N,,,141,55,0.390070922,141,20,0.14184397,Old,,,children & adults,,,,
Steenkeste (2010),Asia,Cambodia,1,N,,,143,88,0.615384615,143,49,0.34265734,Old,,,children & adults,,,,
Steenkeste (2010),Asia,Cambodia,1,N,,,118,80,0.677966102,118,31,0.26271186,Old,,,children & adults,,,,
Steenkeste (2010),Asia,Cambodia,1,N,,,134,87,0.649253731,134,38,0.28358209,Old,,,children & adults,,,,
Steenkeste (2010),Asia,Cambodia,0,N,,,266,153,0.57518797,266,107,0.402255639,Old,0-15,0-5,0-5,,,,
Steenkeste (2010),Asia,Cambodia,0,N,,,134,98,0.731343284,134,45,0.335820896,Old,0-15,5-15years,5-15years,,,,
Steenkeste (2010),Asia,Cambodia,0,N,,,694,343,0.494236311,694,102,0.146974063,Old,15+,15+,15+,,,,
Katsuragawa (2010),South America,Brazil,2,N,,,205,4,0.019512195,205,1,0.00487805,Old,,,children & adults,,,,
da Silva (2010),South America,Brazil,2,N,,,386,35,0.090673575,388,6,0.01546392,Old,,,children & adults,,,,
da Silva (2010),South America,Brazil,2,N,,,379,33,0.08707124,378,6,0.01587302,Old,,,children & adults,,,,
da Silva (2010),South America,Brazil,2,Y,,,328,22,0.067073171,329,0,0,Old,,,children & adults,,,,
da Silva (2010),South America,Brazil,2,N,,,334,8,0.023952096,351,1,0.002849,Old,,,children & adults,,,,
Marfurt (2010),Oceania,Papua New Guinea,2,N,,,263,102,0.3878327,258,34,0.13178295,Old,,,children & adults,,,,
Marfurt (2010),Oceania,Papua New Guinea,2,N,,,347,71,0.204610951,346,64,0.1849711,Old,,,children & adults,,,,
Marfurt (2010),Oceania,Papua New Guinea,2,N,,,359,131,0.364902507,358,82,0.22905028,Old,,,children & adults,,,,
Marfurt (2010),Oceania,Papua New Guinea,2,N,,,317,129,0.406940063,314,55,0.17515924,Old,,,children & adults,,,,
Marfurt (2010),Oceania,Papua New Guinea,2,N,,,366,147,0.401639344,356,96,0.26966292,Old,,,children & adults,,,,
Marfurt (2010),Oceania,Papua New Guinea,2,N,,,359,115,0.320334262,358,82,0.22905028,Old,,,children & adults,,,,
Pacific Malaria Initiative Survey Group (2010),Oceania,Vanuatu,2,Y,,,413,2,0.004842615,413,0,0,Old,0-15,,children only,,,,
Liljander (2011),West Africa,Kenya,2,N,0,1,337,263,0.78041543,337,243,0.72106825,Old,0-15,,children only,,,,Coast
Liljander (2011),West Africa,Kenya,2,N,0,1,360,212,0.588888889,360,174,0.48333333,Old,0-15,,children only,,,,Coast
Gahutu (2011),East Africa,Rwanda,2,N,0,0,545,92,0.168807339,545,61,0.11192661,Old,0-15,,children only,,,,South/Amajyepfo
Steenkeste (2009),Asia,Cambodia,2,N,,,102,73,0.715686275,102,59,0.57843137,Old,,,children & adults,,,,
Steenkeste (2009),Asia,Cambodia,2,N,,,235,142,0.604255319,235,77,0.32765957,Old,,,children & adults,,,,
